filepath,filetype,sample_rate,duration_sec,instrument_label
input\default\PAMANA_Dataset\Visayas\Tikumbo_audios\Tikumbo_audios\RXS_PNY_Tikumbo_N0_P1_S1.mp3,.mp3,44100,1.0971428571428572,Tikumbo
input\default\PAMANA_Dataset\Visayas\Tikumbo_audios\Tikumbo_audios\RXS_PNY_Tikumbo_N0_P1_S2.mp3,.mp3,44100,1.1493877551020408,Tikumbo
input\default\PAMANA_Dataset\Visayas\Tikumbo_audios\Tikumbo_audios\RXS_PNY_Tikumbo_N0_P1_S3.mp3,.mp3,44100,1.253877551020408,Tikumbo
input\default\PAMANA_Dataset\Visayas\Tikumbo_audios\Tikumbo_audios\RXS_PNY_Tikumbo_N0_P1_S4.mp3,.mp3,44100,1.0187755102040816,Tikumbo
input\default\PAMANA_Dataset\Visayas\Tikumbo_audios\Tikumbo_audios\RXS_PNY_Tikumbo_N0_P1_S5.mp3,.mp3,44100,1.253877551020408,Tikumbo
input\default\PAMANA_Dataset\Visayas\Tikumbo_audios\Tikumbo_audios\RXS_PNY_Tikumbo_N0_P1_S6.mp3,.mp3,44100,1.3061224489795915,Tikumbo
input\default\PAMANA_Dataset\Visayas\Tikumbo_audios\Tikumbo_audios\RXS_PNY_Tikumbo_N0_P2_S1.mp3,.mp3,44100,2.351020408163265,Tikumbo
input\default\PAMANA_Dataset\Visayas\Tikumbo_audios\Tikumbo_audios\RXS_PNY_Tikumbo_N0_P2_S2.mp3,.mp3,44100,1.906938775510204,Tikumbo
input\default\PAMANA_Dataset\Visayas\Tikumbo_audios\Tikumbo_audios\RXS_PNY_Tikumbo_N0_P2_S3.mp3,.mp3,44100,2.220408163265306,Tikumbo
input\default\PAMANA_Dataset\Visayas\Tikumbo_audios\Tikumbo_audios\RXS_PNY_Tikumbo_N0_P2_S4.mp3,.mp3,44100,2.1681632653061222,Tikumbo
input\default\PAMANA_Dataset\Visayas\Tikumbo_audios\Tikumbo_audios\RXS_PNY_Tikumbo_N0_P2_S5.mp3,.mp3,44100,2.115918367346939,Tikumbo
input\default\PAMANA_Dataset\Visayas\Tikumbo_audios\Tikumbo_audios\RXS_PNY_Tikumbo_N0_P2_S6.mp3,.mp3,44100,2.0375510204081637,Tikumbo
input\default\PAMANA_Dataset\Visayas\Tikumbo_audios\Tikumbo_audios\RXS_PNY_Tikumbo_N0_P2_S7.mp3,.mp3,44100,1.8546938775510204,Tikumbo
input\default\PAMANA_Dataset\Visayas\Tikumbo_audios\Tikumbo_audios\RXS_PNY_Tikumbo_N0_P2_S8.mp3,.mp3,44100,2.1942857142857144,Tikumbo
input\default\PAMANA_Dataset\Visayas\Tikumbo_audios\Tikumbo_audios\RXS_PNY_Tikumbo_PIECE1.mp3,.mp3,44100,34.2465306122449,Tikumbo
input\default\PAMANA_Dataset\Visayas\Tikumbo_audios\Tikumbo_audios\RXS_PNY_Tikumbo_PIECE2.mp3,.mp3,44100,30.85061224489796,Tikumbo
input\default\PAMANA_Dataset\Visayas\Tikumbo_audios\Tikumbo_audios\RXS_PNY_Tikumbo_PIECE3_Tinagbabai.mp3,.mp3,44100,18.52081632653061,Tikumbo
input\default\PAMANA_Dataset\Visayas\Tikumbo_audios\Tikumbo_audios\RXS_PNY_Tikumbo_PIECE4.mp3,.mp3,44100,15.177142857142858,Tikumbo
input\default\PAMANA_Dataset\Visayas\Tambol_audios\Tambol_audios\RXS_PNY_ENSEMBLE1_Tiriba.mp3,.mp3,44100,37.85142857142857,Tambol
input\default\PAMANA_Dataset\Visayas\Tambol_audios\Tambol_audios\RXS_PNY_ENSEMBLE2_Tinigbabayi.mp3,.mp3,44100,49.08408163265306,Tambol
input\default\PAMANA_Dataset\Visayas\Tambol_audios\Tambol_audios\RXS_PNY_ENSEMBLE3_DiAmor.mp3,.mp3,44100,53.57714285714286,Tambol
input\default\PAMANA_Dataset\Visayas\Tambol_audios\Tambol_audios\RXS_PNY_Tambol_N0_P1_S1.mp3,.mp3,44100,1.253877551020408,Tambol
input\default\PAMANA_Dataset\Visayas\Tambol_audios\Tambol_audios\RXS_PNY_Tambol_N0_P1_S2.mp3,.mp3,44100,1.3583673469387756,Tambol
input\default\PAMANA_Dataset\Visayas\Tambol_audios\Tambol_audios\RXS_PNY_Tambol_N0_P1_S3.mp3,.mp3,44100,1.0187755102040816,Tambol
input\default\PAMANA_Dataset\Visayas\Tambol_audios\Tambol_audios\RXS_PNY_Tambol_N0_P1_S4.mp3,.mp3,44100,1.3061224489795915,Tambol
input\default\PAMANA_Dataset\Visayas\Tambol_audios\Tambol_audios\RXS_PNY_Tambol_N0_P1_S5.mp3,.mp3,44100,1.3322448979591837,Tambol
input\default\PAMANA_Dataset\Visayas\Tambol_audios\Tambol_audios\RXS_PNY_Tambol_N0_P2_S1.mp3,.mp3,44100,1.2016326530612245,Tambol
input\default\PAMANA_Dataset\Visayas\Tambol_audios\Tambol_audios\RXS_PNY_Tambol_N0_P2_S2.mp3,.mp3,44100,1.1755102040816328,Tambol
input\default\PAMANA_Dataset\Visayas\Tambol_audios\Tambol_audios\RXS_PNY_Tambol_N0_P2_S3.mp3,.mp3,44100,1.0971428571428572,Tambol
input\default\PAMANA_Dataset\Visayas\Tambol_audios\Tambol_audios\RXS_PNY_Tambol_N0_P2_S4.mp3,.mp3,44100,0.8620408163265306,Tambol
input\default\PAMANA_Dataset\Visayas\Tambol_audios\Tambol_audios\RXS_PNY_Tambol_N0_P2_S5.mp3,.mp3,44100,1.123265306122449,Tambol
input\default\PAMANA_Dataset\Visayas\Tambol_audios\Tambol_audios\RXS_PNY_Tambol_N0_P2_S6.mp3,.mp3,44100,1.0710204081632653,Tambol
input\default\PAMANA_Dataset\Visayas\Tambol_audios\Tambol_audios\RXS_PNY_Tambol_PIECE10_Barakunya.mp3,.mp3,44100,11.572244897959184,Tambol
input\default\PAMANA_Dataset\Visayas\Tambol_audios\Tambol_audios\RXS_PNY_Tambol_PIECE1_Uterbitan.mp3,.mp3,44100,15.490612244897958,Tambol
input\default\PAMANA_Dataset\Visayas\Tambol_audios\Tambol_audios\RXS_PNY_Tambol_PIECE2_Dalugna.mp3,.mp3,44100,7.836734693877551,Tambol
input\default\PAMANA_Dataset\Visayas\Tambol_audios\Tambol_audios\RXS_PNY_Tambol_PIECE3_TaldaOrTarda.mp3,.mp3,44100,18.33795918367347,Tambol
input\default\PAMANA_Dataset\Visayas\Tambol_audios\Tambol_audios\RXS_PNY_Tambol_PIECE4_Tiriba.mp3,.mp3,44100,18.65142857142857,Tambol
input\default\PAMANA_Dataset\Visayas\Tambol_audios\Tambol_audios\RXS_PNY_Tambol_PIECE5_Palpal.mp3,.mp3,44100,10.37061224489796,Tambol
input\default\PAMANA_Dataset\Visayas\Tambol_audios\Tambol_audios\RXS_PNY_Tambol_PIECE6_Huribal.mp3,.mp3,44100,15.281632653061225,Tambol
input\default\PAMANA_Dataset\Visayas\Tambol_audios\Tambol_audios\RXS_PNY_Tambol_PIECE7.mp3,.mp3,44100,8.777142857142858,Tambol
input\default\PAMANA_Dataset\Visayas\Tambol_audios\Tambol_audios\RXS_PNY_Tambol_PIECE8_Tinigbabayi.mp3,.mp3,44100,14.915918367346938,Tambol
input\default\PAMANA_Dataset\Visayas\Tambol_audios\Tambol_audios\RXS_PNY_Tambol_PIECE9_Mugtuk.mp3,.mp3,44100,10.65795918367347,Tambol
input\default\PAMANA_Dataset\Visayas\Suganggang_audios\Suganggang_audios\RXS_PNY_Suganggang_N1_P1_S1.mp3,.mp3,44100,1.1493877551020408,Suganggang
input\default\PAMANA_Dataset\Visayas\Suganggang_audios\Suganggang_audios\RXS_PNY_Suganggang_N1_P1_S2.mp3,.mp3,44100,1.0971428571428572,Suganggang
input\default\PAMANA_Dataset\Visayas\Suganggang_audios\Suganggang_audios\RXS_PNY_Suganggang_N1_P1_S3.mp3,.mp3,44100,1.123265306122449,Suganggang
input\default\PAMANA_Dataset\Visayas\Suganggang_audios\Suganggang_audios\RXS_PNY_Suganggang_N1_P1_S4.mp3,.mp3,44100,1.123265306122449,Suganggang
input\default\PAMANA_Dataset\Visayas\Suganggang_audios\Suganggang_audios\RXS_PNY_Suganggang_N1_P1_S5.mp3,.mp3,44100,1.0971428571428572,Suganggang
input\default\PAMANA_Dataset\Visayas\Suganggang_audios\Suganggang_audios\RXS_PNY_Suganggang_N1_P1_S6.mp3,.mp3,44100,1.0971428571428572,Suganggang
input\default\PAMANA_Dataset\Visayas\Suganggang_audios\Suganggang_audios\RXS_PNY_Suganggang_N1_P1_S7.mp3,.mp3,44100,1.1755102040816328,Suganggang
input\default\PAMANA_Dataset\Visayas\Suganggang_audios\Suganggang_audios\RXS_PNY_Suganggang_N1_P1_S8.mp3,.mp3,44100,1.253877551020408,Suganggang
input\default\PAMANA_Dataset\Visayas\Suganggang_audios\Suganggang_audios\RXS_PNY_Suganggang_N1_P1_S9.mp3,.mp3,44100,1.123265306122449,Suganggang
input\default\PAMANA_Dataset\Visayas\Suganggang_audios\Suganggang_audios\RXS_PNY_Suganggang_PIECE1_Darunga.mp3,.mp3,44100,17.528163265306123,Suganggang
input\default\PAMANA_Dataset\Visayas\Suganggang_audios\Suganggang_audios\RXS_PNY_Suganggang_PIECE2_Narda.mp3,.mp3,44100,9.168979591836734,Suganggang
input\default\PAMANA_Dataset\Visayas\Subing_audios\Subing_audios\Il_Subing_462_P1_N1-A_S1.mp3,.mp3,44100,1.0971428571428572,Subing
input\default\PAMANA_Dataset\Visayas\Subing_audios\Subing_audios\Il_Subing_462_P1_N2-E_S1.mp3,.mp3,44100,0.940408163265306,Subing
input\default\PAMANA_Dataset\Visayas\Subing_audios\Subing_audios\Il_Subing_462_P1_N3-I_S1.mp3,.mp3,44100,0.940408163265306,Subing
input\default\PAMANA_Dataset\Visayas\Subing_audios\Subing_audios\Il_Subing_462_P1_N4-O_S1.mp3,.mp3,44100,1.0187755102040816,Subing
input\default\PAMANA_Dataset\Visayas\Subing_audios\Subing_audios\Il_Subing_462_P1_N5-U_S1.mp3,.mp3,44100,1.2016326530612245,Subing
input\default\PAMANA_Dataset\Visayas\Subing_audios\Subing_audios\Il_Subing_462_P2_N1-A_S1.mp3,.mp3,44100,1.253877551020408,Subing
input\default\PAMANA_Dataset\Visayas\Subing_audios\Subing_audios\Il_Subing_462_P2_N2-E_S1.mp3,.mp3,44100,1.1493877551020408,Subing
input\default\PAMANA_Dataset\Visayas\Subing_audios\Subing_audios\Il_Subing_462_P2_N3-I_S1.mp3,.mp3,44100,0.8620408163265306,Subing
input\default\PAMANA_Dataset\Visayas\Subing_audios\Subing_audios\Il_Subing_462_P2_N4-O_S1.mp3,.mp3,44100,1.0448979591836736,Subing
input\default\PAMANA_Dataset\Visayas\Subing_audios\Subing_audios\Il_Subing_462_P2_N5-U_S1.mp3,.mp3,44100,1.1493877551020408,Subing
input\default\PAMANA_Dataset\Visayas\Subing_audios\Subing_audios\Jm_Subing_864_P1_N1-A_S1.mp3,.mp3,44100,0.809795918367347,Subing
input\default\PAMANA_Dataset\Visayas\Subing_audios\Subing_audios\Jm_Subing_864_P1_N2-E_S1.mp3,.mp3,44100,0.6791836734693878,Subing
input\default\PAMANA_Dataset\Visayas\Subing_audios\Subing_audios\Jm_Subing_864_P1_N3-I_S1.mp3,.mp3,44100,0.5485714285714286,Subing
input\default\PAMANA_Dataset\Visayas\Subing_audios\Subing_audios\Jm_Subing_864_P1_N4-O_S1.mp3,.mp3,44100,0.8881632653061224,Subing
input\default\PAMANA_Dataset\Visayas\Subing_audios\Subing_audios\Jm_Subing_864_P1_N5-U_S1.mp3,.mp3,44100,0.7836734693877551,Subing
input\default\PAMANA_Dataset\Visayas\Subing_audios\Subing_audios\Jm_Subing_864_P2_N1-A_S1.mp3,.mp3,44100,0.8620408163265306,Subing
input\default\PAMANA_Dataset\Visayas\Subing_audios\Subing_audios\Jm_Subing_864_P2_N2-E_S1.mp3,.mp3,44100,0.8881632653061224,Subing
input\default\PAMANA_Dataset\Visayas\Subing_audios\Subing_audios\Jm_Subing_864_P2_N3-I_S1.mp3,.mp3,44100,0.5485714285714286,Subing
input\default\PAMANA_Dataset\Visayas\Subing_audios\Subing_audios\Jm_Subing_864_P2_N4-O_S1.mp3,.mp3,44100,0.8620408163265306,Subing
input\default\PAMANA_Dataset\Visayas\Subing_audios\Subing_audios\Jm_Subing_864_P2_N5-U_S1.mp3,.mp3,44100,0.9926530612244898,Subing
input\default\PAMANA_Dataset\Visayas\Subing_audios\Subing_audios\Ng Kb_Subing_861_P1_N1-A_S1.mp3,.mp3,44100,1.28,Subing
input\default\PAMANA_Dataset\Visayas\Subing_audios\Subing_audios\Ng Kb_Subing_861_P1_N1-A_S2.mp3,.mp3,44100,1.3844897959183673,Subing
input\default\PAMANA_Dataset\Visayas\Subing_audios\Subing_audios\Ng Kb_Subing_861_P1_N2-E_S1.mp3,.mp3,44100,1.2277551020408164,Subing
input\default\PAMANA_Dataset\Visayas\Subing_audios\Subing_audios\Ng Kb_Subing_861_P1_N2-E_S2.mp3,.mp3,44100,1.436734693877551,Subing
input\default\PAMANA_Dataset\Visayas\Subing_audios\Subing_audios\Ng Kb_Subing_861_P1_N3-I_S1.mp3,.mp3,44100,1.3322448979591837,Subing
input\default\PAMANA_Dataset\Visayas\Subing_audios\Subing_audios\Ng Kb_Subing_861_P1_N3-I_S2.mp3,.mp3,44100,1.1755102040816328,Subing
input\default\PAMANA_Dataset\Visayas\Subing_audios\Subing_audios\Ng Kb_Subing_861_P1_N4-O_S1.mp3,.mp3,44100,1.28,Subing
input\default\PAMANA_Dataset\Visayas\Subing_audios\Subing_audios\Ng Kb_Subing_861_P1_N4-O_S2.mp3,.mp3,44100,1.4106122448979592,Subing
input\default\PAMANA_Dataset\Visayas\Subing_audios\Subing_audios\Ng Kb_Subing_861_P1_N5-U_S1.mp3,.mp3,44100,1.3322448979591837,Subing
input\default\PAMANA_Dataset\Visayas\Subing_audios\Subing_audios\Ng Kb_Subing_861_P1_N5-U_S2.mp3,.mp3,44100,1.0187755102040816,Subing
input\default\PAMANA_Dataset\Visayas\Subing (Panay Bukidnon)_audios\Subing (Panay Bukidnon)_audios\RXS_PNY_Subing_N1_P1_S1.mp3,.mp3,44100,1.1755102040816328,Subing (Panay Bukidnon)
input\default\PAMANA_Dataset\Visayas\Subing (Panay Bukidnon)_audios\Subing (Panay Bukidnon)_audios\RXS_PNY_Subing_N1_P1_S2.mp3,.mp3,44100,1.0187755102040816,Subing (Panay Bukidnon)
input\default\PAMANA_Dataset\Visayas\Subing (Panay Bukidnon)_audios\Subing (Panay Bukidnon)_audios\RXS_PNY_Subing_N1_P1_S3.mp3,.mp3,44100,1.0448979591836736,Subing (Panay Bukidnon)
input\default\PAMANA_Dataset\Visayas\Subing (Panay Bukidnon)_audios\Subing (Panay Bukidnon)_audios\RXS_PNY_Subing_N1_P1_S4.mp3,.mp3,44100,1.2016326530612245,Subing (Panay Bukidnon)
input\default\PAMANA_Dataset\Visayas\Subing (Panay Bukidnon)_audios\Subing (Panay Bukidnon)_audios\RXS_PNY_Subing_N2_P1_S1.mp3,.mp3,44100,0.7053061224489796,Subing (Panay Bukidnon)
input\default\PAMANA_Dataset\Visayas\Subing (Panay Bukidnon)_audios\Subing (Panay Bukidnon)_audios\RXS_PNY_Subing_N2_P1_S2.mp3,.mp3,44100,1.0448979591836736,Subing (Panay Bukidnon)
input\default\PAMANA_Dataset\Visayas\Subing (Panay Bukidnon)_audios\Subing (Panay Bukidnon)_audios\RXS_PNY_Subing_N2_P1_S3.mp3,.mp3,44100,0.4440816326530612,Subing (Panay Bukidnon)
input\default\PAMANA_Dataset\Visayas\Subing (Panay Bukidnon)_audios\Subing (Panay Bukidnon)_audios\RXS_PNY_Subing_N2_P1_S4.mp3,.mp3,44100,0.6791836734693878,Subing (Panay Bukidnon)
input\default\PAMANA_Dataset\Visayas\Subing (Panay Bukidnon)_audios\Subing (Panay Bukidnon)_audios\RXS_PNY_Subing_N2_P1_S5.mp3,.mp3,44100,0.940408163265306,Subing (Panay Bukidnon)
input\default\PAMANA_Dataset\Visayas\Subing (Panay Bukidnon)_audios\Subing (Panay Bukidnon)_audios\RXS_PNY_Subing_PIECE1_KungkungBataDiyana.mp3,.mp3,44100,17.449795918367347,Subing (Panay Bukidnon)
input\default\PAMANA_Dataset\Visayas\Patik-patik_audios\Patik-patik_audios\RXS_ATI_PatikPatik_N0_P1_S1.mp3,.mp3,44100,0.9926530612244898,Patik-patik
input\default\PAMANA_Dataset\Visayas\Patik-patik_audios\Patik-patik_audios\RXS_ATI_PatikPatik_N0_P1_S2.mp3,.mp3,44100,0.966530612244898,Patik-patik
input\default\PAMANA_Dataset\Visayas\Patik-patik_audios\Patik-patik_audios\RXS_ATI_PatikPatik_N0_P1_S3.mp3,.mp3,44100,0.8359183673469388,Patik-patik
input\default\PAMANA_Dataset\Visayas\Patik-patik_audios\Patik-patik_audios\RXS_ATI_PatikPatik_N0_P1_S4.mp3,.mp3,44100,0.8359183673469388,Patik-patik
input\default\PAMANA_Dataset\Visayas\Patik-patik_audios\Patik-patik_audios\RXS_ATI_PatikPatik_N0_P1_S5.mp3,.mp3,44100,0.8620408163265306,Patik-patik
input\default\PAMANA_Dataset\Visayas\Patik-patik_audios\Patik-patik_audios\RXS_ATI_PatikPatik_N0_P2_S1.mp3,.mp3,44100,0.940408163265306,Patik-patik
input\default\PAMANA_Dataset\Visayas\Patik-patik_audios\Patik-patik_audios\RXS_ATI_PatikPatik_N0_P2_S2.mp3,.mp3,44100,0.8881632653061224,Patik-patik
input\default\PAMANA_Dataset\Visayas\Patik-patik_audios\Patik-patik_audios\RXS_ATI_PatikPatik_N0_P2_S3.mp3,.mp3,44100,0.940408163265306,Patik-patik
input\default\PAMANA_Dataset\Visayas\Patik-patik_audios\Patik-patik_audios\RXS_ATI_PatikPatik_N0_P2_S4.mp3,.mp3,44100,0.9926530612244898,Patik-patik
input\default\PAMANA_Dataset\Visayas\Patik-patik_audios\Patik-patik_audios\RXS_ATI_PatikPatik_N0_P2_S5.mp3,.mp3,44100,0.8620408163265306,Patik-patik
input\default\PAMANA_Dataset\Visayas\Patik-patik_audios\Patik-patik_audios\RXS_ATI_PatikPatik_PIECE1.mp3,.mp3,44100,37.328979591836735,Patik-patik
input\default\PAMANA_Dataset\Visayas\Paratikan_audios\Paratikan_audios\PDN_ATA_ENSEMBLE1_Repike.mp3,.mp3,44100,15.960816326530612,Paratikan
input\default\PAMANA_Dataset\Visayas\Paratikan_audios\Paratikan_audios\PDN_ATA_ENSEMBLE2_Malakalaka.mp3,.mp3,44100,18.964897959183677,Paratikan
input\default\PAMANA_Dataset\Visayas\Paratikan_audios\Paratikan_audios\PDN_ATA_ENSEMBLE2_Malakalaka2.mp3,.mp3,44100,16.013061224489796,Paratikan
input\default\PAMANA_Dataset\Visayas\Paratikan_audios\Paratikan_audios\PDN_ATA_ENSEMBLE3_Repike2.mp3,.mp3,44100,15.568979591836737,Paratikan
input\default\PAMANA_Dataset\Visayas\Paratikan_audios\Paratikan_audios\PDN_ATA_ENSEMBLE4_Malaka.mp3,.mp3,44100,15.856326530612243,Paratikan
input\default\PAMANA_Dataset\Visayas\Paratikan_audios\Paratikan_audios\PDN_ATA_Paratikan_N0_P1_S1.mp3,.mp3,44100,1.0187755102040816,Paratikan
input\default\PAMANA_Dataset\Visayas\Paratikan_audios\Paratikan_audios\PDN_ATA_Paratikan_N0_P1_S2.mp3,.mp3,44100,1.0448979591836736,Paratikan
input\default\PAMANA_Dataset\Visayas\Paratikan_audios\Paratikan_audios\PDN_ATA_Paratikan_N0_P1_S3.mp3,.mp3,44100,0.9926530612244898,Paratikan
input\default\PAMANA_Dataset\Visayas\Paratikan_audios\Paratikan_audios\PDN_ATA_Paratikan_N0_P1_S4.mp3,.mp3,44100,0.9926530612244898,Paratikan
input\default\PAMANA_Dataset\Visayas\Paratikan_audios\Paratikan_audios\PDN_ATA_Paratikan_N0_P1_S5.mp3,.mp3,44100,1.0187755102040816,Paratikan
input\default\PAMANA_Dataset\Visayas\Paratikan_audios\Paratikan_audios\PDN_ATA_Paratikan_N0_P1_S6.mp3,.mp3,44100,1.123265306122449,Paratikan
input\default\PAMANA_Dataset\Visayas\Paratikan_audios\Paratikan_audios\PDN_ATA_Paratikan_N0_P2_S1.mp3,.mp3,44100,1.0710204081632653,Paratikan
input\default\PAMANA_Dataset\Visayas\Paratikan_audios\Paratikan_audios\PDN_ATA_Paratikan_N0_P2_S2.mp3,.mp3,44100,1.1755102040816328,Paratikan
input\default\PAMANA_Dataset\Visayas\Paratikan_audios\Paratikan_audios\PDN_ATA_Paratikan_N0_P2_S3.mp3,.mp3,44100,1.0448979591836736,Paratikan
input\default\PAMANA_Dataset\Visayas\Paratikan_audios\Paratikan_audios\PDN_ATA_Paratikan_N0_P2_S4.mp3,.mp3,44100,1.0448979591836736,Paratikan
input\default\PAMANA_Dataset\Visayas\Paratikan_audios\Paratikan_audios\PDN_ATA_Paratikan_N0_P2_S5.mp3,.mp3,44100,1.0448979591836736,Paratikan
input\default\PAMANA_Dataset\Visayas\Matraca_audios\Matraca_audios\Tgl_Matraca_649_SampleTrack1.mp3,.mp3,44100,5.746938775510204,Matraca
input\default\PAMANA_Dataset\Visayas\Matraca_audios\Matraca_audios\Tgl_Matraca_649_SampleTrack2.mp3,.mp3,44100,7.575510204081633,Matraca
input\default\PAMANA_Dataset\Visayas\Matraca_audios\Matraca_audios\Tgl_Matraca_649_SampleTrack3.mp3,.mp3,44100,8.045714285714286,Matraca
input\default\PAMANA_Dataset\Visayas\Matraca_audios\Matraca_audios\Tgl_Matraca_689_P1_N0_S1.mp3,.mp3,44100,6.582857142857143,Matraca
input\default\PAMANA_Dataset\Visayas\Matraca_audios\Matraca_audios\Tgl_Matraca_689_P2_N0_S1.mp3,.mp3,44100,7.183673469387755,Matraca
input\default\PAMANA_Dataset\Visayas\Matraca_audios\Matraca_audios\Tgl_Matraca_689_P3_N0_S1.mp3,.mp3,44100,7.549387755102041,Matraca
input\default\PAMANA_Dataset\Visayas\Bombo_audios\Bombo_audios\PDN_ATA_Bombo_N0_P1_S1.mp3,.mp3,44100,1.0448979591836736,Bombo
input\default\PAMANA_Dataset\Visayas\Bombo_audios\Bombo_audios\PDN_ATA_Bombo_N0_P1_S2.mp3,.mp3,44100,1.0710204081632653,Bombo
input\default\PAMANA_Dataset\Visayas\Bombo_audios\Bombo_audios\PDN_ATA_Bombo_N0_P1_S3.mp3,.mp3,44100,1.0710204081632653,Bombo
input\default\PAMANA_Dataset\Visayas\Bombo_audios\Bombo_audios\PDN_ATA_Bombo_N0_P1_S4.mp3,.mp3,44100,1.1493877551020408,Bombo
input\default\PAMANA_Dataset\Visayas\Bombo_audios\Bombo_audios\PDN_ATA_Bombo_N0_P1_S5.mp3,.mp3,44100,1.0710204081632653,Bombo
input\default\PAMANA_Dataset\Visayas\Bombo_audios\Bombo_audios\PDN_ATA_Bombo_N0_P2_S1.mp3,.mp3,44100,0.6791836734693878,Bombo
input\default\PAMANA_Dataset\Visayas\Bombo_audios\Bombo_audios\PDN_ATA_Bombo_N0_P2_S2.mp3,.mp3,44100,0.7314285714285714,Bombo
input\default\PAMANA_Dataset\Visayas\Bombo_audios\Bombo_audios\PDN_ATA_Bombo_N0_P2_S3.mp3,.mp3,44100,0.8881632653061224,Bombo
input\default\PAMANA_Dataset\Visayas\Bombo_audios\Bombo_audios\PDN_ATA_Bombo_N0_P2_S4.mp3,.mp3,44100,0.966530612244898,Bombo
input\default\PAMANA_Dataset\Visayas\Bombo_audios\Bombo_audios\PDN_ATA_Bombo_N0_P2_S5.mp3,.mp3,44100,1.1755102040816328,Bombo
input\default\PAMANA_Dataset\Visayas\Bombo_audios\Bombo_audios\PDN_ATA_Bombo_N0_P2_S6.mp3,.mp3,44100,1.1755102040816328,Bombo
input\default\PAMANA_Dataset\Visayas\Bombo_audios\Bombo_audios\PDN_ATA_Bombo_N0_P3_S1.mp3,.mp3,44100,0.966530612244898,Bombo
input\default\PAMANA_Dataset\Visayas\Bombo_audios\Bombo_audios\PDN_ATA_Bombo_N0_P3_S2.mp3,.mp3,44100,0.966530612244898,Bombo
input\default\PAMANA_Dataset\Visayas\Bombo_audios\Bombo_audios\PDN_ATA_Bombo_N0_P3_S3.mp3,.mp3,44100,0.9926530612244898,Bombo
input\default\PAMANA_Dataset\Visayas\Bombo_audios\Bombo_audios\PDN_ATA_Bombo_N0_P3_S4.mp3,.mp3,44100,1.0710204081632653,Bombo
input\default\PAMANA_Dataset\Visayas\Bombo_audios\Bombo_audios\PDN_ATA_Bombo_N0_P3_S5.mp3,.mp3,44100,0.966530612244898,Bombo
input\default\PAMANA_Dataset\Visayas\Bombo_audios\Bombo_audios\PDN_ATA_Bombo_N0_P3_S6.mp3,.mp3,44100,1.1493877551020408,Bombo
input\default\PAMANA_Dataset\Visayas\Bombo_audios\Bombo_audios\PDN_ATA_Bombo_N0_P4_S1.mp3,.mp3,44100,0.966530612244898,Bombo
input\default\PAMANA_Dataset\Visayas\Bombo_audios\Bombo_audios\PDN_ATA_Bombo_N0_P4_S2.mp3,.mp3,44100,0.9926530612244898,Bombo
input\default\PAMANA_Dataset\Visayas\Bombo_audios\Bombo_audios\PDN_ATA_Bombo_N0_P4_S3.mp3,.mp3,44100,0.9926530612244898,Bombo
input\default\PAMANA_Dataset\Visayas\Bombo_audios\Bombo_audios\PDN_ATA_Bombo_N0_P4_S4.mp3,.mp3,44100,0.9926530612244898,Bombo
input\default\PAMANA_Dataset\Visayas\Bombo_audios\Bombo_audios\PDN_ATA_Bombo_N0_P4_S5.mp3,.mp3,44100,1.0971428571428572,Bombo
input\default\PAMANA_Dataset\Visayas\Bombo_audios\Bombo_audios\PDN_ATA_Bombo_N0_P4_S6.mp3,.mp3,44100,1.0971428571428572,Bombo
input\default\PAMANA_Dataset\Visayas\Bombo_audios\Bombo_audios\PDN_ATA_ENSEMBLE1_Repike.mp3,.mp3,44100,15.960816326530612,Bombo
input\default\PAMANA_Dataset\Visayas\Bombo_audios\Bombo_audios\PDN_ATA_ENSEMBLE2_Malakalaka.mp3,.mp3,44100,18.964897959183677,Bombo
input\default\PAMANA_Dataset\Visayas\Bombo_audios\Bombo_audios\PDN_ATA_ENSEMBLE2_Malakalaka2.mp3,.mp3,44100,16.013061224489796,Bombo
input\default\PAMANA_Dataset\Visayas\Bombo_audios\Bombo_audios\PDN_ATA_ENSEMBLE3_Repike2.mp3,.mp3,44100,15.568979591836737,Bombo
input\default\PAMANA_Dataset\Visayas\Bombo_audios\Bombo_audios\PDN_ATA_ENSEMBLE4_Malaka.mp3,.mp3,44100,15.856326530612243,Bombo
input\default\PAMANA_Dataset\Visayas\Banjo_audios\Banjo_audios\RXS_ATI_Banjo_N1_S1.mp3,.mp3,44100,5.328979591836735,Banjo
input\default\PAMANA_Dataset\Visayas\Banjo_audios\Banjo_audios\RXS_ATI_Banjo_N1_S2.mp3,.mp3,44100,4.623673469387756,Banjo
input\default\PAMANA_Dataset\Visayas\Banjo_audios\Banjo_audios\RXS_ATI_Banjo_N1_S3.mp3,.mp3,44100,3.5526530612244898,Banjo
input\default\PAMANA_Dataset\Visayas\Banjo_audios\Banjo_audios\RXS_ATI_Banjo_N2_S1.mp3,.mp3,44100,3.030204081632653,Banjo
input\default\PAMANA_Dataset\Visayas\Banjo_audios\Banjo_audios\RXS_ATI_Banjo_N3_S1.mp3,.mp3,44100,3.944489795918367,Banjo
input\default\PAMANA_Dataset\Visayas\Banjo_audios\Banjo_audios\RXS_ATI_Banjo_N3_S2.mp3,.mp3,44100,3.317551020408163,Banjo
input\default\PAMANA_Dataset\Visayas\Banjo_audios\Banjo_audios\RXS_ATI_Banjo_N4_S1.mp3,.mp3,44100,3.1608163265306124,Banjo
input\default\PAMANA_Dataset\Visayas\Banjo_audios\Banjo_audios\RXS_ATI_Banjo_N4_S2.mp3,.mp3,44100,2.9257142857142857,Banjo
input\default\PAMANA_Dataset\Visayas\Banjo_audios\Banjo_audios\RXS_ATI_Banjo_PIECE1_TiguloPagdukoyDukoySaHangin.mp3,.mp3,44100,96.20897959183674,Banjo
input\default\PAMANA_Dataset\Visayas\Banjo_audios\Banjo_audios\RXS_ATI_Banjo_PIECE2_Tituka.mp3,.mp3,44100,73.53469387755102,Banjo
input\default\PAMANA_Dataset\Visayas\Agung (Panay Bukidnon)_audios\Agung (Panay Bukidnon)_audios\RXS_PNY_Agung_N0_P1_S2.mp3,.mp3,44100,5.903673469387755,Agung (Panay Bukidnon)
input\default\PAMANA_Dataset\Visayas\Agung (Panay Bukidnon)_audios\Agung (Panay Bukidnon)_audios\RXS_PNY_Agung_N0_P1_S3.mp3,.mp3,44100,6.060408163265306,Agung (Panay Bukidnon)
input\default\PAMANA_Dataset\Visayas\Agung (Panay Bukidnon)_audios\Agung (Panay Bukidnon)_audios\RXS_PNY_Agung_N0_P1_S4.mp3,.mp3,44100,5.433469387755102,Agung (Panay Bukidnon)
input\default\PAMANA_Dataset\Visayas\Agung (Panay Bukidnon)_audios\Agung (Panay Bukidnon)_audios\RXS_PNY_Agung_N0_P1_S5.mp3,.mp3,44100,5.851428571428571,Agung (Panay Bukidnon)
input\default\PAMANA_Dataset\Visayas\Agung (Panay Bukidnon)_audios\Agung (Panay Bukidnon)_audios\RXS_PNY_Agung_N0_P2_S1.mp3,.mp3,44100,2.4293877551020406,Agung (Panay Bukidnon)
input\default\PAMANA_Dataset\Visayas\Agung (Panay Bukidnon)_audios\Agung (Panay Bukidnon)_audios\RXS_PNY_Agung_N0_P2_S2.mp3,.mp3,44100,1.906938775510204,Agung (Panay Bukidnon)
input\default\PAMANA_Dataset\Visayas\Agung (Panay Bukidnon)_audios\Agung (Panay Bukidnon)_audios\RXS_PNY_Agung_N0_P2_S3.mp3,.mp3,44100,2.220408163265306,Agung (Panay Bukidnon)
input\default\PAMANA_Dataset\Visayas\Agung (Panay Bukidnon)_audios\Agung (Panay Bukidnon)_audios\RXS_PNY_Agung_N0_P2_S4.mp3,.mp3,44100,3.0563265306122447,Agung (Panay Bukidnon)
input\default\PAMANA_Dataset\Visayas\Agung (Panay Bukidnon)_audios\Agung (Panay Bukidnon)_audios\RXS_PNY_Agung_N0_P2_S5.mp3,.mp3,44100,3.474285714285714,Agung (Panay Bukidnon)
input\default\PAMANA_Dataset\Visayas\Agung (Panay Bukidnon)_audios\Agung (Panay Bukidnon)_audios\RXS_PNY_Agung_N0_P2_S6.mp3,.mp3,44100,3.1085714285714285,Agung (Panay Bukidnon)
input\default\PAMANA_Dataset\Visayas\Agung (Panay Bukidnon)_audios\Agung (Panay Bukidnon)_audios\RXS_PNY_Agung_N0_P3_S1.mp3,.mp3,44100,1.8024489795918368,Agung (Panay Bukidnon)
input\default\PAMANA_Dataset\Visayas\Agung (Panay Bukidnon)_audios\Agung (Panay Bukidnon)_audios\RXS_PNY_Agung_N0_P3_S2.mp3,.mp3,44100,2.455510204081633,Agung (Panay Bukidnon)
input\default\PAMANA_Dataset\Visayas\Agung (Panay Bukidnon)_audios\Agung (Panay Bukidnon)_audios\RXS_PNY_Agung_N0_P3_S3.mp3,.mp3,44100,2.455510204081633,Agung (Panay Bukidnon)
input\default\PAMANA_Dataset\Visayas\Agung (Panay Bukidnon)_audios\Agung (Panay Bukidnon)_audios\RXS_PNY_Agung_N0_P3_S4.mp3,.mp3,44100,2.0375510204081637,Agung (Panay Bukidnon)
input\default\PAMANA_Dataset\Visayas\Agung (Panay Bukidnon)_audios\Agung (Panay Bukidnon)_audios\RXS_PNY_Agung_N0_P3_S5.mp3,.mp3,44100,2.4293877551020406,Agung (Panay Bukidnon)
input\default\PAMANA_Dataset\Visayas\Agung (Panay Bukidnon)_audios\Agung (Panay Bukidnon)_audios\RXS_PNY_Agung_N0_P3_S6.mp3,.mp3,44100,2.246530612244898,Agung (Panay Bukidnon)
input\default\PAMANA_Dataset\Visayas\Agung (Panay Bukidnon)_audios\Agung (Panay Bukidnon)_audios\RXS_PNY_Agung_N0_P4_S1.mp3,.mp3,44100,3.082448979591837,Agung (Panay Bukidnon)
input\default\PAMANA_Dataset\Visayas\Agung (Panay Bukidnon)_audios\Agung (Panay Bukidnon)_audios\RXS_PNY_Agung_N0_P4_S2.mp3,.mp3,44100,3.239183673469388,Agung (Panay Bukidnon)
input\default\PAMANA_Dataset\Visayas\Agung (Panay Bukidnon)_audios\Agung (Panay Bukidnon)_audios\RXS_PNY_Agung_N0_P4_S3.mp3,.mp3,44100,2.4293877551020406,Agung (Panay Bukidnon)
input\default\PAMANA_Dataset\Visayas\Agung (Panay Bukidnon)_audios\Agung (Panay Bukidnon)_audios\RXS_PNY_Agung_N0_P4_S4.mp3,.mp3,44100,3.26530612244898,Agung (Panay Bukidnon)
input\default\PAMANA_Dataset\Visayas\Agung (Panay Bukidnon)_audios\Agung (Panay Bukidnon)_audios\RXS_PNY_Agung_N0_P4_S5.mp3,.mp3,44100,2.84734693877551,Agung (Panay Bukidnon)
input\default\PAMANA_Dataset\Visayas\Agung (Panay Bukidnon)_audios\Agung (Panay Bukidnon)_audios\RXS_PNY_Agung_N0_P4_S6.mp3,.mp3,44100,3.787755102040816,Agung (Panay Bukidnon)
input\default\PAMANA_Dataset\Visayas\Agung (Panay Bukidnon)_audios\Agung (Panay Bukidnon)_audios\RXS_PNY_Agung_N0_P5_S1.mp3,.mp3,44100,3.944489795918367,Agung (Panay Bukidnon)
input\default\PAMANA_Dataset\Visayas\Agung (Panay Bukidnon)_audios\Agung (Panay Bukidnon)_audios\RXS_PNY_Agung_N0_P5_S2.mp3,.mp3,44100,4.754285714285714,Agung (Panay Bukidnon)
input\default\PAMANA_Dataset\Visayas\Agung (Panay Bukidnon)_audios\Agung (Panay Bukidnon)_audios\RXS_PNY_Agung_PIECE1_Daluma.mp3,.mp3,44100,25.57387755102041,Agung (Panay Bukidnon)
input\default\PAMANA_Dataset\Visayas\Agung (Panay Bukidnon)_audios\Agung (Panay Bukidnon)_audios\RXS_PNY_Agung_PIECE2_Burum.mp3,.mp3,44100,20.297142857142852,Agung (Panay Bukidnon)
input\default\PAMANA_Dataset\Visayas\Agung (Panay Bukidnon)_audios\Agung (Panay Bukidnon)_audios\RXS_PNY_Agung_PIECE3_LatunLatun.mp3,.mp3,44100,18.834285714285716,Agung (Panay Bukidnon)
input\default\PAMANA_Dataset\Visayas\Agung (Panay Bukidnon)_audios\Agung (Panay Bukidnon)_audios\RXS_PNY_Agung_PIECE4_Girlinda.mp3,.mp3,44100,24.47673469387755,Agung (Panay Bukidnon)
input\default\PAMANA_Dataset\Visayas\Agung (Panay Bukidnon)_audios\Agung (Panay Bukidnon)_audios\RXS_PNY_Agung_PIECE5_Tarda.mp3,.mp3,44100,17.18857142857143,Agung (Panay Bukidnon)
input\default\PAMANA_Dataset\Visayas\Agung (Panay Bukidnon)_audios\Agung (Panay Bukidnon)_audios\RXS_PNY_Agung_PIECE6_Tigbabale.mp3,.mp3,44100,18.886530612244897,Agung (Panay Bukidnon)
input\default\PAMANA_Dataset\Visayas\Agung (Panay Bukidnon)_audios\Agung (Panay Bukidnon)_audios\RXS_PNY_Agung_PIECE7_Taran.mp3,.mp3,44100,12.120816326530612,Agung (Panay Bukidnon)
input\default\PAMANA_Dataset\Visayas\Agung (Panay Bukidnon)_audios\Agung (Panay Bukidnon)_audios\RXS_PNY_ENSEMBLE1_Tiriba.mp3,.mp3,44100,37.85142857142857,Agung (Panay Bukidnon)
input\default\PAMANA_Dataset\Visayas\Agung (Panay Bukidnon)_audios\Agung (Panay Bukidnon)_audios\RXS_PNY_ENSEMBLE2_Tinigbabayi.mp3,.mp3,44100,49.08408163265306,Agung (Panay Bukidnon)
input\default\PAMANA_Dataset\Visayas\Agung (Panay Bukidnon)_audios\Agung (Panay Bukidnon)_audios\RXS_PNY_ENSEMBLE3_DiAmor.mp3,.mp3,44100,53.57714285714286,Agung (Panay Bukidnon)
input\default\PAMANA_Dataset\Mindanao\Tumpong_audios\Tumpong_audios\ILGN_SBN_Tumpong_MODAL.mp3,.mp3,44100,69.69469387755102,Tumpong
input\default\PAMANA_Dataset\Mindanao\Tumpong_audios\Tumpong_audios\ILGN_SBN_Tumpong_N1_P1_S1.mp3,.mp3,44100,1.253877551020408,Tumpong
input\default\PAMANA_Dataset\Mindanao\Tumpong_audios\Tumpong_audios\ILGN_SBN_Tumpong_N1_P1_S2.mp3,.mp3,44100,1.2277551020408164,Tumpong
input\default\PAMANA_Dataset\Mindanao\Tumpong_audios\Tumpong_audios\ILGN_SBN_Tumpong_N1_P1_S3.mp3,.mp3,44100,1.1493877551020408,Tumpong
input\default\PAMANA_Dataset\Mindanao\Tumpong_audios\Tumpong_audios\ILGN_SBN_Tumpong_N1_P1_S4.mp3,.mp3,44100,1.0710204081632653,Tumpong
input\default\PAMANA_Dataset\Mindanao\Tumpong_audios\Tumpong_audios\ILGN_SBN_Tumpong_N1_P1_S5.mp3,.mp3,44100,0.940408163265306,Tumpong
input\default\PAMANA_Dataset\Mindanao\Tumpong_audios\Tumpong_audios\ILGN_SBN_Tumpong_N1_P1_S6.mp3,.mp3,44100,1.1493877551020408,Tumpong
input\default\PAMANA_Dataset\Mindanao\Tumpong_audios\Tumpong_audios\ILGN_SBN_Tumpong_N2_P1_S1.mp3,.mp3,44100,1.1755102040816328,Tumpong
input\default\PAMANA_Dataset\Mindanao\Tumpong_audios\Tumpong_audios\ILGN_SBN_Tumpong_N2_P1_S2.mp3,.mp3,44100,1.2277551020408164,Tumpong
input\default\PAMANA_Dataset\Mindanao\Tumpong_audios\Tumpong_audios\ILGN_SBN_Tumpong_N2_P1_S3.mp3,.mp3,44100,1.0971428571428572,Tumpong
input\default\PAMANA_Dataset\Mindanao\Tumpong_audios\Tumpong_audios\ILGN_SBN_Tumpong_N2_P1_S4.mp3,.mp3,44100,1.1493877551020408,Tumpong
input\default\PAMANA_Dataset\Mindanao\Tumpong_audios\Tumpong_audios\ILGN_SBN_Tumpong_N2_P1_S5.mp3,.mp3,44100,1.2277551020408164,Tumpong
input\default\PAMANA_Dataset\Mindanao\Tumpong_audios\Tumpong_audios\ILGN_SBN_Tumpong_N2_P1_S6.mp3,.mp3,44100,1.2277551020408164,Tumpong
input\default\PAMANA_Dataset\Mindanao\Tumpong_audios\Tumpong_audios\ILGN_SBN_Tumpong_N3_P1_S1.mp3,.mp3,44100,1.4106122448979592,Tumpong
input\default\PAMANA_Dataset\Mindanao\Tumpong_audios\Tumpong_audios\ILGN_SBN_Tumpong_N3_P1_S2.mp3,.mp3,44100,1.253877551020408,Tumpong
input\default\PAMANA_Dataset\Mindanao\Tumpong_audios\Tumpong_audios\ILGN_SBN_Tumpong_N3_P1_S3.mp3,.mp3,44100,1.3061224489795915,Tumpong
input\default\PAMANA_Dataset\Mindanao\Tumpong_audios\Tumpong_audios\ILGN_SBN_Tumpong_N4_P1_S1.mp3,.mp3,44100,1.1755102040816328,Tumpong
input\default\PAMANA_Dataset\Mindanao\Tumpong_audios\Tumpong_audios\ILGN_SBN_Tumpong_N4_P1_S2.mp3,.mp3,44100,1.3322448979591837,Tumpong
input\default\PAMANA_Dataset\Mindanao\Tumpong_audios\Tumpong_audios\ILGN_SBN_Tumpong_N4_P1_S3.mp3,.mp3,44100,1.0971428571428572,Tumpong
input\default\PAMANA_Dataset\Mindanao\Tumpong_audios\Tumpong_audios\ILGN_SBN_Tumpong_N4_P1_S4.mp3,.mp3,44100,1.1493877551020408,Tumpong
input\default\PAMANA_Dataset\Mindanao\Tumpong_audios\Tumpong_audios\ILGN_SBN_Tumpong_N4_P1_S5.mp3,.mp3,44100,1.0971428571428572,Tumpong
input\default\PAMANA_Dataset\Mindanao\Tumpong_audios\Tumpong_audios\ILGN_SBN_Tumpong_N4_P1_S6.mp3,.mp3,44100,1.0971428571428572,Tumpong
input\default\PAMANA_Dataset\Mindanao\Tumpong_audios\Tumpong_audios\ILGN_SBN_Tumpong_N4_P1_S7.mp3,.mp3,44100,1.1493877551020408,Tumpong
input\default\PAMANA_Dataset\Mindanao\Tumpong_audios\Tumpong_audios\ILGN_SBN_Tumpong_N5_P1_S1.mp3,.mp3,44100,1.123265306122449,Tumpong
input\default\PAMANA_Dataset\Mindanao\Tumpong_audios\Tumpong_audios\ILGN_SBN_Tumpong_N5_P1_S2.mp3,.mp3,44100,1.1493877551020408,Tumpong
input\default\PAMANA_Dataset\Mindanao\Tumpong_audios\Tumpong_audios\ILGN_SBN_Tumpong_N5_P1_S3.mp3,.mp3,44100,1.0187755102040816,Tumpong
input\default\PAMANA_Dataset\Mindanao\Tumpong_audios\Tumpong_audios\ILGN_SBN_Tumpong_N5_P1_S4.mp3,.mp3,44100,0.940408163265306,Tumpong
input\default\PAMANA_Dataset\Mindanao\Tumpong_audios\Tumpong_audios\ILGN_SBN_Tumpong_N5_P1_S5.mp3,.mp3,44100,0.966530612244898,Tumpong
input\default\PAMANA_Dataset\Mindanao\Tumpong_audios\Tumpong_audios\ILGN_SBN_Tumpong_N6_P1_S1.mp3,.mp3,44100,1.1493877551020408,Tumpong
input\default\PAMANA_Dataset\Mindanao\Tumpong_audios\Tumpong_audios\ILGN_SBN_Tumpong_N6_P1_S2.mp3,.mp3,44100,1.0710204081632653,Tumpong
input\default\PAMANA_Dataset\Mindanao\Tumpong_audios\Tumpong_audios\ILGN_SBN_Tumpong_PIECE1.mp3,.mp3,44100,69.30285714285715,Tumpong
input\default\PAMANA_Dataset\Mindanao\Tanangong_audios\Tanangong_audios\ILGN_BLN_Tanagong_N0_P1_S1.mp3,.mp3,44100,1.1755102040816328,Tanangong
input\default\PAMANA_Dataset\Mindanao\Tanangong_audios\Tanangong_audios\ILGN_BLN_Tanagong_N0_P1_S10.mp3,.mp3,44100,1.0971428571428572,Tanangong
input\default\PAMANA_Dataset\Mindanao\Tanangong_audios\Tanangong_audios\ILGN_BLN_Tanagong_N0_P1_S2.mp3,.mp3,44100,1.0971428571428572,Tanangong
input\default\PAMANA_Dataset\Mindanao\Tanangong_audios\Tanangong_audios\ILGN_BLN_Tanagong_N0_P1_S3.mp3,.mp3,44100,1.1493877551020408,Tanangong
input\default\PAMANA_Dataset\Mindanao\Tanangong_audios\Tanangong_audios\ILGN_BLN_Tanagong_N0_P1_S4.mp3,.mp3,44100,1.0710204081632653,Tanangong
input\default\PAMANA_Dataset\Mindanao\Tanangong_audios\Tanangong_audios\ILGN_BLN_Tanagong_N0_P1_S5.mp3,.mp3,44100,1.0448979591836736,Tanangong
input\default\PAMANA_Dataset\Mindanao\Tanangong_audios\Tanangong_audios\ILGN_BLN_Tanagong_N0_P1_S6.mp3,.mp3,44100,1.0971428571428572,Tanangong
input\default\PAMANA_Dataset\Mindanao\Tanangong_audios\Tanangong_audios\ILGN_BLN_Tanagong_N0_P1_S7.mp3,.mp3,44100,1.0448979591836736,Tanangong
input\default\PAMANA_Dataset\Mindanao\Tanangong_audios\Tanangong_audios\ILGN_BLN_Tanagong_N0_P1_S8.mp3,.mp3,44100,1.0971428571428572,Tanangong
input\default\PAMANA_Dataset\Mindanao\Tanangong_audios\Tanangong_audios\ILGN_BLN_Tanagong_N0_P1_S9.mp3,.mp3,44100,1.1493877551020408,Tanangong
input\default\PAMANA_Dataset\Mindanao\Tanangong_audios\Tanangong_audios\ILGN_BLN_Tanagong_N0_P2_S1.mp3,.mp3,44100,0.940408163265306,Tanangong
input\default\PAMANA_Dataset\Mindanao\Tanangong_audios\Tanangong_audios\ILGN_BLN_Tanagong_N0_P2_S2.mp3,.mp3,44100,0.966530612244898,Tanangong
input\default\PAMANA_Dataset\Mindanao\Tanangong_audios\Tanangong_audios\ILGN_BLN_Tanagong_N0_P2_S3.mp3,.mp3,44100,0.940408163265306,Tanangong
input\default\PAMANA_Dataset\Mindanao\Tanangong_audios\Tanangong_audios\ILGN_BLN_Tanagong_N0_P2_S4.mp3,.mp3,44100,0.8881632653061224,Tanangong
input\default\PAMANA_Dataset\Mindanao\Tanangong_audios\Tanangong_audios\ILGN_BLN_Tanagong_N0_P2_S5.mp3,.mp3,44100,0.8620408163265306,Tanangong
input\default\PAMANA_Dataset\Mindanao\Tanangong_audios\Tanangong_audios\ILGN_BLN_Tanagong_N0_P2_S6.mp3,.mp3,44100,0.8620408163265306,Tanangong
input\default\PAMANA_Dataset\Mindanao\Tanangong_audios\Tanangong_audios\ILGN_BLN_Tanagong_N0_P2_S7.mp3,.mp3,44100,0.9142857142857144,Tanangong
input\default\PAMANA_Dataset\Mindanao\Tanangong_audios\Tanangong_audios\ILGN_BLN_Tanagong_N0_P2_S8.mp3,.mp3,44100,0.8620408163265306,Tanangong
input\default\PAMANA_Dataset\Mindanao\Tanangong_audios\Tanangong_audios\ILGN_BLN_Tanagong_PIECE1_FlayunawaAndUmlok.mp3,.mp3,44100,77.1395918367347,Tanangong
input\default\PAMANA_Dataset\Mindanao\Tanangong_audios\Tanangong_audios\ILGN_BLN_Tanagong_PIECE2_Desunto.mp3,.mp3,44100,61.17877551020408,Tanangong
input\default\PAMANA_Dataset\Mindanao\Tanangong_audios\Tanangong_audios\ILGN_BLN_Tanagong_PIECE3_Flayunawa.mp3,.mp3,44100,38.4,Tanangong
input\default\PAMANA_Dataset\Mindanao\Tambor_audios\Tambor_audios\ILGN_MNB_Tambor_N0_P1_S1.mp3,.mp3,44100,0.7575510204081632,Tambor
input\default\PAMANA_Dataset\Mindanao\Tambor_audios\Tambor_audios\ILGN_MNB_Tambor_N0_P1_S2.mp3,.mp3,44100,0.7575510204081632,Tambor
input\default\PAMANA_Dataset\Mindanao\Tambor_audios\Tambor_audios\ILGN_MNB_Tambor_N0_P1_S3.mp3,.mp3,44100,0.6530612244897959,Tambor
input\default\PAMANA_Dataset\Mindanao\Tambor_audios\Tambor_audios\ILGN_MNB_Tambor_N0_P1_S4.mp3,.mp3,44100,0.6008163265306122,Tambor
input\default\PAMANA_Dataset\Mindanao\Tambor_audios\Tambor_audios\ILGN_MNB_Tambor_N0_P1_S5.mp3,.mp3,44100,0.6008163265306122,Tambor
input\default\PAMANA_Dataset\Mindanao\Tambor_audios\Tambor_audios\ILGN_MNB_Tambor_N0_P1_S6.mp3,.mp3,44100,0.6008163265306122,Tambor
input\default\PAMANA_Dataset\Mindanao\Tambor_audios\Tambor_audios\ILGN_MNB_Tambor_N0_P2_S1.mp3,.mp3,44100,0.626938775510204,Tambor
input\default\PAMANA_Dataset\Mindanao\Tambor_audios\Tambor_audios\ILGN_MNB_Tambor_N0_P2_S2.mp3,.mp3,44100,0.6008163265306122,Tambor
input\default\PAMANA_Dataset\Mindanao\Tambor_audios\Tambor_audios\ILGN_MNB_Tambor_N0_P2_S3.mp3,.mp3,44100,0.5746938775510204,Tambor
input\default\PAMANA_Dataset\Mindanao\Tambor_audios\Tambor_audios\ILGN_MNB_Tambor_N0_P2_S4.mp3,.mp3,44100,0.5485714285714286,Tambor
input\default\PAMANA_Dataset\Mindanao\Tambor_audios\Tambor_audios\ILGN_MNB_Tambor_N0_P2_S5.mp3,.mp3,44100,0.626938775510204,Tambor
input\default\PAMANA_Dataset\Mindanao\Tambor_audios\Tambor_audios\ILGN_MNB_Tambor_N0_P2_S6.mp3,.mp3,44100,0.6530612244897959,Tambor
input\default\PAMANA_Dataset\Mindanao\Tambor_audios\Tambor_audios\ILGN_MNB_Tambor_N0_P3_S1.mp3,.mp3,44100,0.6530612244897959,Tambor
input\default\PAMANA_Dataset\Mindanao\Tambor_audios\Tambor_audios\ILGN_MNB_Tambor_N0_P3_S2.mp3,.mp3,44100,0.7314285714285714,Tambor
input\default\PAMANA_Dataset\Mindanao\Tambor_audios\Tambor_audios\ILGN_MNB_Tambor_N0_P3_S3.mp3,.mp3,44100,0.7314285714285714,Tambor
input\default\PAMANA_Dataset\Mindanao\Tambor_audios\Tambor_audios\ILGN_MNB_Tambor_N0_P3_S4.mp3,.mp3,44100,0.6791836734693878,Tambor
input\default\PAMANA_Dataset\Mindanao\Tambor_audios\Tambor_audios\ILGN_MNB_Tambor_N0_P3_S5.mp3,.mp3,44100,0.6530612244897959,Tambor
input\default\PAMANA_Dataset\Mindanao\Tambor_audios\Tambor_audios\ILGN_MNB_Tambor_N0_P4_S1.mp3,.mp3,44100,0.809795918367347,Tambor
input\default\PAMANA_Dataset\Mindanao\Tambor_audios\Tambor_audios\ILGN_MNB_Tambor_N0_P4_S2.mp3,.mp3,44100,0.7575510204081632,Tambor
input\default\PAMANA_Dataset\Mindanao\Tambor_audios\Tambor_audios\ILGN_MNB_Tambor_N0_P4_S3.mp3,.mp3,44100,0.7053061224489796,Tambor
input\default\PAMANA_Dataset\Mindanao\Tambor_audios\Tambor_audios\ILGN_MNB_Tambor_N0_P4_S4.mp3,.mp3,44100,0.7053061224489796,Tambor
input\default\PAMANA_Dataset\Mindanao\Tambor_audios\Tambor_audios\ILGN_MNB_Tambor_N0_P4_S5.mp3,.mp3,44100,0.6791836734693878,Tambor
input\default\PAMANA_Dataset\Mindanao\Tambor_audios\Tambor_audios\ILGN_MNB_Tambor_N0_P4_S6.mp3,.mp3,44100,0.7053061224489796,Tambor
input\default\PAMANA_Dataset\Mindanao\Tambor_audios\Tambor_audios\ILGN_MNB_Tambor_PIECE1_BoaBoa.mp3,.mp3,44100,19.121632653061223,Tambor
input\default\PAMANA_Dataset\Mindanao\Tambor_audios\Tambor_audios\ILGN_MNB_Tambor_PIECE2_TigAni.mp3,.mp3,44100,14.445714285714285,Tambor
input\default\PAMANA_Dataset\Mindanao\Tambor_audios\Tambor_audios\ILGN_MNB_Tambor_PIECE3_Saot.mp3,.mp3,44100,12.852244897959183,Tambor
input\default\PAMANA_Dataset\Mindanao\Tacombo_audios\Tacombo_audios\ILGN_MNB_Tacombo_N0_P1_S1.mp3,.mp3,44100,0.470204081632653,Tacombo
input\default\PAMANA_Dataset\Mindanao\Tacombo_audios\Tacombo_audios\ILGN_MNB_Tacombo_N0_P1_S2.mp3,.mp3,44100,0.5485714285714286,Tacombo
input\default\PAMANA_Dataset\Mindanao\Tacombo_audios\Tacombo_audios\ILGN_MNB_Tacombo_N0_P1_S3.mp3,.mp3,44100,0.5224489795918368,Tacombo
input\default\PAMANA_Dataset\Mindanao\Tacombo_audios\Tacombo_audios\ILGN_MNB_Tacombo_N0_P1_S4.mp3,.mp3,44100,0.5485714285714286,Tacombo
input\default\PAMANA_Dataset\Mindanao\Tacombo_audios\Tacombo_audios\ILGN_MNB_Tacombo_N0_P1_S5.mp3,.mp3,44100,0.5485714285714286,Tacombo
input\default\PAMANA_Dataset\Mindanao\Tacombo_audios\Tacombo_audios\ILGN_MNB_Tacombo_N0_P2_S1.mp3,.mp3,44100,0.5746938775510204,Tacombo
input\default\PAMANA_Dataset\Mindanao\Tacombo_audios\Tacombo_audios\ILGN_MNB_Tacombo_N0_P2_S2.mp3,.mp3,44100,0.626938775510204,Tacombo
input\default\PAMANA_Dataset\Mindanao\Tacombo_audios\Tacombo_audios\ILGN_MNB_Tacombo_N0_P2_S3.mp3,.mp3,44100,0.5485714285714286,Tacombo
input\default\PAMANA_Dataset\Mindanao\Tacombo_audios\Tacombo_audios\ILGN_MNB_Tacombo_N0_P2_S4.mp3,.mp3,44100,0.4963265306122449,Tacombo
input\default\PAMANA_Dataset\Mindanao\Tacombo_audios\Tacombo_audios\ILGN_MNB_Tacombo_N0_P2_S5.mp3,.mp3,44100,0.4963265306122449,Tacombo
input\default\PAMANA_Dataset\Mindanao\Tacombo_audios\Tacombo_audios\ILGN_MNB_Tacombo_N0_P3_S1.mp3,.mp3,44100,0.6530612244897959,Tacombo
input\default\PAMANA_Dataset\Mindanao\Tacombo_audios\Tacombo_audios\ILGN_MNB_Tacombo_N0_P3_S2.mp3,.mp3,44100,0.6791836734693878,Tacombo
input\default\PAMANA_Dataset\Mindanao\Tacombo_audios\Tacombo_audios\ILGN_MNB_Tacombo_N0_P3_S3.mp3,.mp3,44100,0.6791836734693878,Tacombo
input\default\PAMANA_Dataset\Mindanao\Tacombo_audios\Tacombo_audios\ILGN_MNB_Tacombo_N0_P4_S1.mp3,.mp3,44100,0.7053061224489796,Tacombo
input\default\PAMANA_Dataset\Mindanao\Tacombo_audios\Tacombo_audios\ILGN_MNB_Tacombo_N0_P4_S2.mp3,.mp3,44100,0.7053061224489796,Tacombo
input\default\PAMANA_Dataset\Mindanao\Tacombo_audios\Tacombo_audios\ILGN_MNB_Tacombo_N0_P4_S3.mp3,.mp3,44100,0.6791836734693878,Tacombo
input\default\PAMANA_Dataset\Mindanao\Tacombo_audios\Tacombo_audios\ILGN_MNB_Tacombo_N0_P4_S4.mp3,.mp3,44100,0.6791836734693878,Tacombo
input\default\PAMANA_Dataset\Mindanao\Tacombo_audios\Tacombo_audios\ILGN_MNB_Tacombo_N0_P4_S5.mp3,.mp3,44100,0.6530612244897959,Tacombo
input\default\PAMANA_Dataset\Mindanao\Tacombo_audios\Tacombo_audios\ILGN_MNB_Tacombo_N0_P4_S6.mp3,.mp3,44100,0.7314285714285714,Tacombo
input\default\PAMANA_Dataset\Mindanao\Tacombo_audios\Tacombo_audios\ILGN_MNB_Tacombo_N0_P4_S7.mp3,.mp3,44100,0.6791836734693878,Tacombo
input\default\PAMANA_Dataset\Mindanao\Tacombo_audios\Tacombo_audios\ILGN_MNB_Tacombo_N0_P4_S8.mp3,.mp3,44100,0.6008163265306122,Tacombo
input\default\PAMANA_Dataset\Mindanao\Tacombo_audios\Tacombo_audios\ILGN_MNB_Tacombo_PIECE1_BoaBoa.mp3,.mp3,44100,42.47510204081632,Tacombo
input\default\PAMANA_Dataset\Mindanao\Tacombo_audios\Tacombo_audios\ILGN_MNB_Tacombo_PIECE2_TigAni.mp3,.mp3,44100,22.935510204081638,Tacombo
input\default\PAMANA_Dataset\Mindanao\Tacombo_audios\Tacombo_audios\ILGN_MNB_Tacombo_PIECE3_Saot.mp3,.mp3,44100,15.438367346938776,Tacombo
input\default\PAMANA_Dataset\Mindanao\Kuging_audios\Kuging_audios\ILGN_MNSK_Kuging_N0_P1_S1.mp3,.mp3,44100,0.7053061224489796,Kuging
input\default\PAMANA_Dataset\Mindanao\Kuging_audios\Kuging_audios\ILGN_MNSK_Kuging_N0_P1_S2.mp3,.mp3,44100,0.7053061224489796,Kuging
input\default\PAMANA_Dataset\Mindanao\Kuging_audios\Kuging_audios\ILGN_MNSK_Kuging_N0_P1_S3.mp3,.mp3,44100,0.7575510204081632,Kuging
input\default\PAMANA_Dataset\Mindanao\Kuging_audios\Kuging_audios\ILGN_MNSK_Kuging_N0_P1_S4.mp3,.mp3,44100,0.6791836734693878,Kuging
input\default\PAMANA_Dataset\Mindanao\Kuging_audios\Kuging_audios\ILGN_MNSK_Kuging_N0_P1_S5.mp3,.mp3,44100,0.7314285714285714,Kuging
input\default\PAMANA_Dataset\Mindanao\Kuging_audios\Kuging_audios\ILGN_MNSK_Kuging_N0_P2_S1.mp3,.mp3,44100,0.940408163265306,Kuging
input\default\PAMANA_Dataset\Mindanao\Kuging_audios\Kuging_audios\ILGN_MNSK_Kuging_N0_P2_S2.mp3,.mp3,44100,0.8359183673469388,Kuging
input\default\PAMANA_Dataset\Mindanao\Kuging_audios\Kuging_audios\ILGN_MNSK_Kuging_N0_P2_S3.mp3,.mp3,44100,0.9142857142857144,Kuging
input\default\PAMANA_Dataset\Mindanao\Kuging_audios\Kuging_audios\ILGN_MNSK_Kuging_N0_P2_S4.mp3,.mp3,44100,0.7575510204081632,Kuging
input\default\PAMANA_Dataset\Mindanao\Kuging_audios\Kuging_audios\ILGN_MNSK_Kuging_N0_P2_S5.mp3,.mp3,44100,0.7053061224489796,Kuging
input\default\PAMANA_Dataset\Mindanao\Kuging_audios\Kuging_audios\ILGN_MNSK_Kuging_N0_P3_S1.mp3,.mp3,44100,22.386938775510203,Kuging
input\default\PAMANA_Dataset\Mindanao\Kuging_audios\Kuging_audios\ILGN_MNSK_Kuging_N0_P3_S2.mp3,.mp3,44100,4.284081632653061,Kuging
input\default\PAMANA_Dataset\Mindanao\Kuging_audios\Kuging_audios\ILGN_MNSK_Kuging_N0_P3_S3.mp3,.mp3,44100,3.84,Kuging
input\default\PAMANA_Dataset\Mindanao\Kuging_audios\Kuging_audios\ILGN_MNSK_Kuging_N0_P3_S4.mp3,.mp3,44100,3.5526530612244898,Kuging
input\default\PAMANA_Dataset\Mindanao\Kuging_audios\Kuging_audios\ILGN_MNSK_Kuging_N0_P3_S5.mp3,.mp3,44100,3.683265306122449,Kuging
input\default\PAMANA_Dataset\Mindanao\Kuging_audios\Kuging_audios\ILGN_MNSK_Kuging_N0_P3_S6.mp3,.mp3,44100,3.7355102040816326,Kuging
input\default\PAMANA_Dataset\Mindanao\Kubing_audios\Kubing_audios\ILGN_BLN_Kubing_N1_P1_S1.mp3,.mp3,44100,1.2277551020408164,Kubing
input\default\PAMANA_Dataset\Mindanao\Kubing_audios\Kubing_audios\ILGN_BLN_Kubing_N1_P1_S2.mp3,.mp3,44100,1.4106122448979592,Kubing
input\default\PAMANA_Dataset\Mindanao\Kubing_audios\Kubing_audios\ILGN_BLN_Kubing_N1_P1_S3.mp3,.mp3,44100,1.253877551020408,Kubing
input\default\PAMANA_Dataset\Mindanao\Kubing_audios\Kubing_audios\ILGN_BLN_Kubing_N1_P1_S4.mp3,.mp3,44100,1.4106122448979592,Kubing
input\default\PAMANA_Dataset\Mindanao\Kubing_audios\Kubing_audios\ILGN_BLN_Kubing_N1_P1_S5.mp3,.mp3,44100,1.1755102040816328,Kubing
input\default\PAMANA_Dataset\Mindanao\Kubing_audios\Kubing_audios\ILGN_BLN_Kubing_N1_P2_S1.mp3,.mp3,44100,1.253877551020408,Kubing
input\default\PAMANA_Dataset\Mindanao\Kubing_audios\Kubing_audios\ILGN_BLN_Kubing_N1_P2_S2.mp3,.mp3,44100,1.3061224489795915,Kubing
input\default\PAMANA_Dataset\Mindanao\Kubing_audios\Kubing_audios\ILGN_BLN_Kubing_N1_P2_S3.mp3,.mp3,44100,1.4889795918367348,Kubing
input\default\PAMANA_Dataset\Mindanao\Kubing_audios\Kubing_audios\ILGN_BLN_Kubing_N1_P2_S4.mp3,.mp3,44100,1.4628571428571429,Kubing
input\default\PAMANA_Dataset\Mindanao\Kubing_audios\Kubing_audios\ILGN_BLN_Kubing_N2_P1_S1.mp3,.mp3,44100,1.4106122448979592,Kubing
input\default\PAMANA_Dataset\Mindanao\Kubing_audios\Kubing_audios\ILGN_BLN_Kubing_N2_P1_S2.mp3,.mp3,44100,1.3061224489795915,Kubing
input\default\PAMANA_Dataset\Mindanao\Kubing_audios\Kubing_audios\ILGN_BLN_Kubing_N2_P2_S1.mp3,.mp3,44100,1.6718367346938776,Kubing
input\default\PAMANA_Dataset\Mindanao\Kubing_audios\Kubing_audios\ILGN_BLN_Kubing_N2_P2_S2.mp3,.mp3,44100,1.4889795918367348,Kubing
input\default\PAMANA_Dataset\Mindanao\Kubing_audios\Kubing_audios\ILGN_BLN_Kubing_N2_P2_S3.mp3,.mp3,44100,1.56734693877551,Kubing
input\default\PAMANA_Dataset\Mindanao\Kubing_audios\Kubing_audios\ILGN_BLN_Kubing_N2_P2_S4.mp3,.mp3,44100,1.0971428571428572,Kubing
input\default\PAMANA_Dataset\Mindanao\Kubing_audios\Kubing_audios\ILGN_BLN_Kubing_N3_P1_S1.mp3,.mp3,44100,1.4889795918367348,Kubing
input\default\PAMANA_Dataset\Mindanao\Kubing_audios\Kubing_audios\ILGN_BLN_Kubing_N3_P1_S2.mp3,.mp3,44100,1.1755102040816328,Kubing
input\default\PAMANA_Dataset\Mindanao\Kubing_audios\Kubing_audios\ILGN_BLN_Kubing_N3_P1_S3.mp3,.mp3,44100,1.0710204081632653,Kubing
input\default\PAMANA_Dataset\Mindanao\Kubing_audios\Kubing_audios\ILGN_BLN_Kubing_N3_P2_S1.mp3,.mp3,44100,1.3322448979591837,Kubing
input\default\PAMANA_Dataset\Mindanao\Kubing_audios\Kubing_audios\ILGN_BLN_Kubing_N3_P2_S2.mp3,.mp3,44100,1.3583673469387756,Kubing
input\default\PAMANA_Dataset\Mindanao\Kubing_audios\Kubing_audios\ILGN_BLN_Kubing_N3_P2_S3.mp3,.mp3,44100,1.619591836734694,Kubing
input\default\PAMANA_Dataset\Mindanao\Kubing_audios\Kubing_audios\ILGN_BLN_Kubing_N3_P2_S4.mp3,.mp3,44100,1.7240816326530612,Kubing
input\default\PAMANA_Dataset\Mindanao\Kubing_audios\Kubing_audios\ILGN_BLN_Kubing_N3_P2_S5.mp3,.mp3,44100,1.619591836734694,Kubing
input\default\PAMANA_Dataset\Mindanao\Kubing_audios\Kubing_audios\ILGN_BLN_Kubing_PIECE1_Gamlegal.mp3,.mp3,44100,111.96081632653062,Kubing
input\default\PAMANA_Dataset\Mindanao\Gimbao_audios\Gimbao_audios\ILGN_MNSK_Gimbao_N0_P1_S1.mp3,.mp3,44100,0.9926530612244898,Gimbao
input\default\PAMANA_Dataset\Mindanao\Gimbao_audios\Gimbao_audios\ILGN_MNSK_Gimbao_N0_P1_S10.mp3,.mp3,44100,0.8881632653061224,Gimbao
input\default\PAMANA_Dataset\Mindanao\Gimbao_audios\Gimbao_audios\ILGN_MNSK_Gimbao_N0_P1_S2.mp3,.mp3,44100,1.0971428571428572,Gimbao
input\default\PAMANA_Dataset\Mindanao\Gimbao_audios\Gimbao_audios\ILGN_MNSK_Gimbao_N0_P1_S3.mp3,.mp3,44100,1.0187755102040816,Gimbao
input\default\PAMANA_Dataset\Mindanao\Gimbao_audios\Gimbao_audios\ILGN_MNSK_Gimbao_N0_P1_S4.mp3,.mp3,44100,1.123265306122449,Gimbao
input\default\PAMANA_Dataset\Mindanao\Gimbao_audios\Gimbao_audios\ILGN_MNSK_Gimbao_N0_P1_S5.mp3,.mp3,44100,0.8881632653061224,Gimbao
input\default\PAMANA_Dataset\Mindanao\Gimbao_audios\Gimbao_audios\ILGN_MNSK_Gimbao_N0_P1_S6.mp3,.mp3,44100,0.966530612244898,Gimbao
input\default\PAMANA_Dataset\Mindanao\Gimbao_audios\Gimbao_audios\ILGN_MNSK_Gimbao_N0_P1_S7.mp3,.mp3,44100,1.123265306122449,Gimbao
input\default\PAMANA_Dataset\Mindanao\Gimbao_audios\Gimbao_audios\ILGN_MNSK_Gimbao_N0_P1_S8.mp3,.mp3,44100,0.966530612244898,Gimbao
input\default\PAMANA_Dataset\Mindanao\Gimbao_audios\Gimbao_audios\ILGN_MNSK_Gimbao_N0_P1_S9.mp3,.mp3,44100,0.8881632653061224,Gimbao
input\default\PAMANA_Dataset\Mindanao\Gimbao_audios\Gimbao_audios\ILGN_MNSK_Gimbao_N0_P2_S1.mp3,.mp3,44100,0.7053061224489796,Gimbao
input\default\PAMANA_Dataset\Mindanao\Gimbao_audios\Gimbao_audios\ILGN_MNSK_Gimbao_N0_P2_S2.mp3,.mp3,44100,0.626938775510204,Gimbao
input\default\PAMANA_Dataset\Mindanao\Gimbao_audios\Gimbao_audios\ILGN_MNSK_Gimbao_N0_P2_S3.mp3,.mp3,44100,0.4963265306122449,Gimbao
input\default\PAMANA_Dataset\Mindanao\Gimbao_audios\Gimbao_audios\ILGN_MNSK_Gimbao_N0_P2_S4.mp3,.mp3,44100,0.6008163265306122,Gimbao
input\default\PAMANA_Dataset\Mindanao\Gimbao_audios\Gimbao_audios\ILGN_MNSK_Gimbao_N0_P2_S5.mp3,.mp3,44100,0.4963265306122449,Gimbao
input\default\PAMANA_Dataset\Mindanao\Gimbao_audios\Gimbao_audios\ILGN_MNSK_Gimbao_PIECE1.mp3,.mp3,44100,34.06367346938776,Gimbao
input\default\PAMANA_Dataset\Mindanao\Gabbang_audios\Gabbang_audios\ILGN_TSG_Gabbang_N10_P1_S1.mp3,.mp3,44100,1.0187755102040816,Gabbang
input\default\PAMANA_Dataset\Mindanao\Gabbang_audios\Gabbang_audios\ILGN_TSG_Gabbang_N10_P1_S2.mp3,.mp3,44100,1.0971428571428572,Gabbang
input\default\PAMANA_Dataset\Mindanao\Gabbang_audios\Gabbang_audios\ILGN_TSG_Gabbang_N10_P1_S3.mp3,.mp3,44100,1.0448979591836736,Gabbang
input\default\PAMANA_Dataset\Mindanao\Gabbang_audios\Gabbang_audios\ILGN_TSG_Gabbang_N10_P1_S4.mp3,.mp3,44100,1.2016326530612245,Gabbang
input\default\PAMANA_Dataset\Mindanao\Gabbang_audios\Gabbang_audios\ILGN_TSG_Gabbang_N11_P1_S1.mp3,.mp3,44100,1.1493877551020408,Gabbang
input\default\PAMANA_Dataset\Mindanao\Gabbang_audios\Gabbang_audios\ILGN_TSG_Gabbang_N11_P1_S2.mp3,.mp3,44100,0.9926530612244898,Gabbang
input\default\PAMANA_Dataset\Mindanao\Gabbang_audios\Gabbang_audios\ILGN_TSG_Gabbang_N11_P1_S3.mp3,.mp3,44100,1.1493877551020408,Gabbang
input\default\PAMANA_Dataset\Mindanao\Gabbang_audios\Gabbang_audios\ILGN_TSG_Gabbang_N11_P1_S4.mp3,.mp3,44100,1.123265306122449,Gabbang
input\default\PAMANA_Dataset\Mindanao\Gabbang_audios\Gabbang_audios\ILGN_TSG_Gabbang_N12_P1_S1.mp3,.mp3,44100,1.123265306122449,Gabbang
input\default\PAMANA_Dataset\Mindanao\Gabbang_audios\Gabbang_audios\ILGN_TSG_Gabbang_N12_P1_S2.mp3,.mp3,44100,1.0710204081632653,Gabbang
input\default\PAMANA_Dataset\Mindanao\Gabbang_audios\Gabbang_audios\ILGN_TSG_Gabbang_N12_P1_S3.mp3,.mp3,44100,1.0710204081632653,Gabbang
input\default\PAMANA_Dataset\Mindanao\Gabbang_audios\Gabbang_audios\ILGN_TSG_Gabbang_N12_P1_S4.mp3,.mp3,44100,1.0971428571428572,Gabbang
input\default\PAMANA_Dataset\Mindanao\Gabbang_audios\Gabbang_audios\ILGN_TSG_Gabbang_N12_P1_S5.mp3,.mp3,44100,1.253877551020408,Gabbang
input\default\PAMANA_Dataset\Mindanao\Gabbang_audios\Gabbang_audios\ILGN_TSG_Gabbang_N13_P1_S1.mp3,.mp3,44100,1.0187755102040816,Gabbang
input\default\PAMANA_Dataset\Mindanao\Gabbang_audios\Gabbang_audios\ILGN_TSG_Gabbang_N13_P1_S2.mp3,.mp3,44100,1.123265306122449,Gabbang
input\default\PAMANA_Dataset\Mindanao\Gabbang_audios\Gabbang_audios\ILGN_TSG_Gabbang_N13_P1_S3.mp3,.mp3,44100,1.0187755102040816,Gabbang
input\default\PAMANA_Dataset\Mindanao\Gabbang_audios\Gabbang_audios\ILGN_TSG_Gabbang_N14_P1_S1.mp3,.mp3,44100,0.9142857142857144,Gabbang
input\default\PAMANA_Dataset\Mindanao\Gabbang_audios\Gabbang_audios\ILGN_TSG_Gabbang_N14_P1_S2.mp3,.mp3,44100,0.8881632653061224,Gabbang
input\default\PAMANA_Dataset\Mindanao\Gabbang_audios\Gabbang_audios\ILGN_TSG_Gabbang_N14_P1_S3.mp3,.mp3,44100,0.7053061224489796,Gabbang
input\default\PAMANA_Dataset\Mindanao\Gabbang_audios\Gabbang_audios\ILGN_TSG_Gabbang_N14_P1_S4.mp3,.mp3,44100,0.7575510204081632,Gabbang
input\default\PAMANA_Dataset\Mindanao\Gabbang_audios\Gabbang_audios\ILGN_TSG_Gabbang_N14_P1_S5.mp3,.mp3,44100,0.809795918367347,Gabbang
input\default\PAMANA_Dataset\Mindanao\Gabbang_audios\Gabbang_audios\ILGN_TSG_Gabbang_N15_P1_S1.mp3,.mp3,44100,1.0971428571428572,Gabbang
input\default\PAMANA_Dataset\Mindanao\Gabbang_audios\Gabbang_audios\ILGN_TSG_Gabbang_N15_P1_S2.mp3,.mp3,44100,0.9926530612244898,Gabbang
input\default\PAMANA_Dataset\Mindanao\Gabbang_audios\Gabbang_audios\ILGN_TSG_Gabbang_N15_P1_S3.mp3,.mp3,44100,1.0710204081632653,Gabbang
input\default\PAMANA_Dataset\Mindanao\Gabbang_audios\Gabbang_audios\ILGN_TSG_Gabbang_N15_P1_S4.mp3,.mp3,44100,1.0448979591836736,Gabbang
input\default\PAMANA_Dataset\Mindanao\Gabbang_audios\Gabbang_audios\ILGN_TSG_Gabbang_N16_P1_S1.mp3,.mp3,44100,1.1755102040816328,Gabbang
input\default\PAMANA_Dataset\Mindanao\Gabbang_audios\Gabbang_audios\ILGN_TSG_Gabbang_N16_P1_S10.mp3,.mp3,44100,1.0187755102040816,Gabbang
input\default\PAMANA_Dataset\Mindanao\Gabbang_audios\Gabbang_audios\ILGN_TSG_Gabbang_N16_P1_S2.mp3,.mp3,44100,1.0710204081632653,Gabbang
input\default\PAMANA_Dataset\Mindanao\Gabbang_audios\Gabbang_audios\ILGN_TSG_Gabbang_N16_P1_S3.mp3,.mp3,44100,1.3322448979591837,Gabbang
input\default\PAMANA_Dataset\Mindanao\Gabbang_audios\Gabbang_audios\ILGN_TSG_Gabbang_N16_P1_S4.mp3,.mp3,44100,1.123265306122449,Gabbang
input\default\PAMANA_Dataset\Mindanao\Gabbang_audios\Gabbang_audios\ILGN_TSG_Gabbang_N16_P1_S5.mp3,.mp3,44100,1.253877551020408,Gabbang
input\default\PAMANA_Dataset\Mindanao\Gabbang_audios\Gabbang_audios\ILGN_TSG_Gabbang_N16_P1_S6.mp3,.mp3,44100,1.28,Gabbang
input\default\PAMANA_Dataset\Mindanao\Gabbang_audios\Gabbang_audios\ILGN_TSG_Gabbang_N16_P1_S7.mp3,.mp3,44100,1.0710204081632653,Gabbang
input\default\PAMANA_Dataset\Mindanao\Gabbang_audios\Gabbang_audios\ILGN_TSG_Gabbang_N16_P1_S8.mp3,.mp3,44100,1.1493877551020408,Gabbang
input\default\PAMANA_Dataset\Mindanao\Gabbang_audios\Gabbang_audios\ILGN_TSG_Gabbang_N16_P1_S9.mp3,.mp3,44100,1.123265306122449,Gabbang
input\default\PAMANA_Dataset\Mindanao\Gabbang_audios\Gabbang_audios\ILGN_TSG_Gabbang_N1_P1_S1.mp3,.mp3,44100,1.436734693877551,Gabbang
input\default\PAMANA_Dataset\Mindanao\Gabbang_audios\Gabbang_audios\ILGN_TSG_Gabbang_N1_P1_S2.mp3,.mp3,44100,1.4106122448979592,Gabbang
input\default\PAMANA_Dataset\Mindanao\Gabbang_audios\Gabbang_audios\ILGN_TSG_Gabbang_N2_P1_S1.mp3,.mp3,44100,1.123265306122449,Gabbang
input\default\PAMANA_Dataset\Mindanao\Gabbang_audios\Gabbang_audios\ILGN_TSG_Gabbang_N2_P1_S2.mp3,.mp3,44100,1.1493877551020408,Gabbang
input\default\PAMANA_Dataset\Mindanao\Gabbang_audios\Gabbang_audios\ILGN_TSG_Gabbang_N2_P1_S3.mp3,.mp3,44100,1.123265306122449,Gabbang
input\default\PAMANA_Dataset\Mindanao\Gabbang_audios\Gabbang_audios\ILGN_TSG_Gabbang_N2_P1_S4.mp3,.mp3,44100,1.2016326530612245,Gabbang
input\default\PAMANA_Dataset\Mindanao\Gabbang_audios\Gabbang_audios\ILGN_TSG_Gabbang_N2_P1_S5.mp3,.mp3,44100,1.1493877551020408,Gabbang
input\default\PAMANA_Dataset\Mindanao\Gabbang_audios\Gabbang_audios\ILGN_TSG_Gabbang_N3_P1_S1.mp3,.mp3,44100,0.9926530612244898,Gabbang
input\default\PAMANA_Dataset\Mindanao\Gabbang_audios\Gabbang_audios\ILGN_TSG_Gabbang_N3_P1_S2.mp3,.mp3,44100,1.906938775510204,Gabbang
input\default\PAMANA_Dataset\Mindanao\Gabbang_audios\Gabbang_audios\ILGN_TSG_Gabbang_N3_P1_S3.mp3,.mp3,44100,1.56734693877551,Gabbang
input\default\PAMANA_Dataset\Mindanao\Gabbang_audios\Gabbang_audios\ILGN_TSG_Gabbang_N4_P1_S1.mp3,.mp3,44100,1.4106122448979592,Gabbang
input\default\PAMANA_Dataset\Mindanao\Gabbang_audios\Gabbang_audios\ILGN_TSG_Gabbang_N4_P1_S2.mp3,.mp3,44100,1.4106122448979592,Gabbang
input\default\PAMANA_Dataset\Mindanao\Gabbang_audios\Gabbang_audios\ILGN_TSG_Gabbang_N4_P1_S3.mp3,.mp3,44100,1.4106122448979592,Gabbang
input\default\PAMANA_Dataset\Mindanao\Gabbang_audios\Gabbang_audios\ILGN_TSG_Gabbang_N5_P1_S1.mp3,.mp3,44100,0.966530612244898,Gabbang
input\default\PAMANA_Dataset\Mindanao\Gabbang_audios\Gabbang_audios\ILGN_TSG_Gabbang_N5_P1_S2.mp3,.mp3,44100,1.3061224489795915,Gabbang
input\default\PAMANA_Dataset\Mindanao\Gabbang_audios\Gabbang_audios\ILGN_TSG_Gabbang_N6_P1_S1.mp3,.mp3,44100,1.4889795918367348,Gabbang
input\default\PAMANA_Dataset\Mindanao\Gabbang_audios\Gabbang_audios\ILGN_TSG_Gabbang_N6_P1_S2.mp3,.mp3,44100,1.3061224489795915,Gabbang
input\default\PAMANA_Dataset\Mindanao\Gabbang_audios\Gabbang_audios\ILGN_TSG_Gabbang_N6_P1_S3.mp3,.mp3,44100,1.3061224489795915,Gabbang
input\default\PAMANA_Dataset\Mindanao\Gabbang_audios\Gabbang_audios\ILGN_TSG_Gabbang_N7_P1_S1.mp3,.mp3,44100,1.3322448979591837,Gabbang
input\default\PAMANA_Dataset\Mindanao\Gabbang_audios\Gabbang_audios\ILGN_TSG_Gabbang_N7_P1_S2.mp3,.mp3,44100,1.4628571428571429,Gabbang
input\default\PAMANA_Dataset\Mindanao\Gabbang_audios\Gabbang_audios\ILGN_TSG_Gabbang_N7_P1_S3.mp3,.mp3,44100,1.4106122448979592,Gabbang
input\default\PAMANA_Dataset\Mindanao\Gabbang_audios\Gabbang_audios\ILGN_TSG_Gabbang_N7_P1_S4.mp3,.mp3,44100,1.2016326530612245,Gabbang
input\default\PAMANA_Dataset\Mindanao\Gabbang_audios\Gabbang_audios\ILGN_TSG_Gabbang_N7_P1_S5.mp3,.mp3,44100,1.4106122448979592,Gabbang
input\default\PAMANA_Dataset\Mindanao\Gabbang_audios\Gabbang_audios\ILGN_TSG_Gabbang_N7_P1_S6.mp3,.mp3,44100,1.3844897959183673,Gabbang
input\default\PAMANA_Dataset\Mindanao\Gabbang_audios\Gabbang_audios\ILGN_TSG_Gabbang_N8_P1_S1.mp3,.mp3,44100,1.253877551020408,Gabbang
input\default\PAMANA_Dataset\Mindanao\Gabbang_audios\Gabbang_audios\ILGN_TSG_Gabbang_N8_P1_S2.mp3,.mp3,44100,1.0971428571428572,Gabbang
input\default\PAMANA_Dataset\Mindanao\Gabbang_audios\Gabbang_audios\ILGN_TSG_Gabbang_N8_P1_S3.mp3,.mp3,44100,1.1755102040816328,Gabbang
input\default\PAMANA_Dataset\Mindanao\Gabbang_audios\Gabbang_audios\ILGN_TSG_Gabbang_N8_P1_S4.mp3,.mp3,44100,1.253877551020408,Gabbang
input\default\PAMANA_Dataset\Mindanao\Gabbang_audios\Gabbang_audios\ILGN_TSG_Gabbang_N8_P1_S5.mp3,.mp3,44100,1.253877551020408,Gabbang
input\default\PAMANA_Dataset\Mindanao\Gabbang_audios\Gabbang_audios\ILGN_TSG_Gabbang_N8_P1_S6.mp3,.mp3,44100,1.123265306122449,Gabbang
input\default\PAMANA_Dataset\Mindanao\Gabbang_audios\Gabbang_audios\ILGN_TSG_Gabbang_N8_P1_S7.mp3,.mp3,44100,1.123265306122449,Gabbang
input\default\PAMANA_Dataset\Mindanao\Gabbang_audios\Gabbang_audios\ILGN_TSG_Gabbang_N9_P1_S1.mp3,.mp3,44100,1.0971428571428572,Gabbang
input\default\PAMANA_Dataset\Mindanao\Gabbang_audios\Gabbang_audios\ILGN_TSG_Gabbang_N9_P1_S2.mp3,.mp3,44100,0.9926530612244898,Gabbang
input\default\PAMANA_Dataset\Mindanao\Gabbang_audios\Gabbang_audios\ILGN_TSG_Gabbang_PIECE1_SuwaSuwa.mp3,.mp3,44100,149.26367346938775,Gabbang
input\default\PAMANA_Dataset\Mindanao\Gabbang_audios\Gabbang_audios\ILGN_TSG_Gabbang_PIECE2_Magellan .mp3,.mp3,44100,92.02938775510204,Gabbang
input\default\PAMANA_Dataset\Mindanao\Faglung_audios\Faglung_audios\ILGN_BLN_Faglung_N1_P1_S1.mp3,.mp3,44100,4.25795918367347,Faglung
input\default\PAMANA_Dataset\Mindanao\Faglung_audios\Faglung_audios\ILGN_BLN_Faglung_N1_P1_S2.mp3,.mp3,44100,4.83265306122449,Faglung
input\default\PAMANA_Dataset\Mindanao\Faglung_audios\Faglung_audios\ILGN_BLN_Faglung_N1_P1_S3.mp3,.mp3,44100,4.83265306122449,Faglung
input\default\PAMANA_Dataset\Mindanao\Faglung_audios\Faglung_audios\ILGN_BLN_Faglung_N1_P1_S4.mp3,.mp3,44100,4.075102040816327,Faglung
input\default\PAMANA_Dataset\Mindanao\Faglung_audios\Faglung_audios\ILGN_BLN_Faglung_N1_P1_S5.mp3,.mp3,44100,5.0416326530612245,Faglung
input\default\PAMANA_Dataset\Mindanao\Faglung_audios\Faglung_audios\ILGN_BLN_Faglung_N1_P1_S6.mp3,.mp3,44100,4.83265306122449,Faglung
input\default\PAMANA_Dataset\Mindanao\Faglung_audios\Faglung_audios\ILGN_BLN_Faglung_N2_P1_S1.mp3,.mp3,44100,4.388571428571429,Faglung
input\default\PAMANA_Dataset\Mindanao\Faglung_audios\Faglung_audios\ILGN_BLN_Faglung_N2_P1_S2.mp3,.mp3,44100,5.0416326530612245,Faglung
input\default\PAMANA_Dataset\Mindanao\Faglung_audios\Faglung_audios\ILGN_BLN_Faglung_N2_P1_S3.mp3,.mp3,44100,4.702040816326531,Faglung
input\default\PAMANA_Dataset\Mindanao\Faglung_audios\Faglung_audios\ILGN_BLN_Faglung_N2_P1_S4.mp3,.mp3,44100,4.858775510204081,Faglung
input\default\PAMANA_Dataset\Mindanao\Faglung_audios\Faglung_audios\ILGN_BLN_Faglung_N2_P1_S5.mp3,.mp3,44100,5.093877551020408,Faglung
input\default\PAMANA_Dataset\Mindanao\Faglung_audios\Faglung_audios\ILGN_BLN_Faglung_N2_P1_S6.mp3,.mp3,44100,4.12734693877551,Faglung
input\default\PAMANA_Dataset\Mindanao\Faglung_audios\Faglung_audios\ILGN_BLN_Faglung_N2_P1_S7.mp3,.mp3,44100,4.022857142857143,Faglung
input\default\PAMANA_Dataset\Mindanao\Faglung_audios\Faglung_audios\ILGN_BLN_Faglung_N3_P1_S1.mp3,.mp3,44100,5.093877551020408,Faglung
input\default\PAMANA_Dataset\Mindanao\Faglung_audios\Faglung_audios\ILGN_BLN_Faglung_N3_P1_S2.mp3,.mp3,44100,6.060408163265306,Faglung
input\default\PAMANA_Dataset\Mindanao\Faglung_audios\Faglung_audios\ILGN_BLN_Faglung_N3_P1_S3.mp3,.mp3,44100,4.702040816326531,Faglung
input\default\PAMANA_Dataset\Mindanao\Faglung_audios\Faglung_audios\ILGN_BLN_Faglung_N3_P1_S4.mp3,.mp3,44100,5.459591836734694,Faglung
input\default\PAMANA_Dataset\Mindanao\Faglung_audios\Faglung_audios\ILGN_BLN_Faglung_N3_P1_S5.mp3,.mp3,44100,5.877551020408164,Faglung
input\default\PAMANA_Dataset\Mindanao\Faglung_audios\Faglung_audios\ILGN_BLN_Faglung_N3_P1_S6.mp3,.mp3,44100,5.276734693877551,Faglung
input\default\PAMANA_Dataset\Mindanao\Faglung_audios\Faglung_audios\ILGN_BLN_Faglung_N3_P1_S7.mp3,.mp3,44100,5.564081632653061,Faglung
input\default\PAMANA_Dataset\Mindanao\Faglung_audios\Faglung_audios\ILGN_BLN_Faglung_N3_P1_S8.mp3,.mp3,44100,5.929795918367347,Faglung
input\default\PAMANA_Dataset\Mindanao\Faglung_audios\Faglung_audios\ILGN_BLN_Faglung_N4_P1_S1.mp3,.mp3,44100,5.98204081632653,Faglung
input\default\PAMANA_Dataset\Mindanao\Faglung_audios\Faglung_audios\ILGN_BLN_Faglung_N4_P1_S2.mp3,.mp3,44100,5.250612244897959,Faglung
input\default\PAMANA_Dataset\Mindanao\Faglung_audios\Faglung_audios\ILGN_BLN_Faglung_N4_P1_S3.mp3,.mp3,44100,4.54530612244898,Faglung
input\default\PAMANA_Dataset\Mindanao\Faglung_audios\Faglung_audios\ILGN_BLN_Faglung_N4_P1_S4.mp3,.mp3,44100,4.571428571428571,Faglung
input\default\PAMANA_Dataset\Mindanao\Faglung_audios\Faglung_audios\ILGN_BLN_Faglung_N4_P1_S5.mp3,.mp3,44100,5.198367346938776,Faglung
input\default\PAMANA_Dataset\Mindanao\Faglung_audios\Faglung_audios\ILGN_BLN_Faglung_N4_P1_S6.mp3,.mp3,44100,4.649795918367347,Faglung
input\default\PAMANA_Dataset\Mindanao\Faglung_audios\Faglung_audios\ILGN_BLN_Faglung_N5_P1_S1.mp3,.mp3,44100,5.485714285714286,Faglung
input\default\PAMANA_Dataset\Mindanao\Faglung_audios\Faglung_audios\ILGN_BLN_Faglung_N5_P1_S2.mp3,.mp3,44100,5.250612244897959,Faglung
input\default\PAMANA_Dataset\Mindanao\Faglung_audios\Faglung_audios\ILGN_BLN_Faglung_N5_P1_S3.mp3,.mp3,44100,4.806530612244898,Faglung
input\default\PAMANA_Dataset\Mindanao\Faglung_audios\Faglung_audios\ILGN_BLN_Faglung_N5_P1_S4.mp3,.mp3,44100,4.728163265306122,Faglung
input\default\PAMANA_Dataset\Mindanao\Faglung_audios\Faglung_audios\ILGN_BLN_Faglung_N5_P1_S5.mp3,.mp3,44100,5.616326530612245,Faglung
input\default\PAMANA_Dataset\Mindanao\Faglung_audios\Faglung_audios\ILGN_BLN_Faglung_N5_P1_S6.mp3,.mp3,44100,4.284081632653061,Faglung
input\default\PAMANA_Dataset\Mindanao\Faglung_audios\Faglung_audios\ILGN_BLN_Faglung_N5_P1_S7.mp3,.mp3,44100,5.12,Faglung
input\default\PAMANA_Dataset\Mindanao\Faglung_audios\Faglung_audios\ILGN_BLN_Faglung_N6_P1_S1.mp3,.mp3,44100,5.093877551020408,Faglung
input\default\PAMANA_Dataset\Mindanao\Faglung_audios\Faglung_audios\ILGN_BLN_Faglung_N6_P1_S2.mp3,.mp3,44100,4.858775510204081,Faglung
input\default\PAMANA_Dataset\Mindanao\Faglung_audios\Faglung_audios\ILGN_BLN_Faglung_N6_P1_S3.mp3,.mp3,44100,5.12,Faglung
input\default\PAMANA_Dataset\Mindanao\Faglung_audios\Faglung_audios\ILGN_BLN_Faglung_N6_P1_S4.mp3,.mp3,44100,4.388571428571429,Faglung
input\default\PAMANA_Dataset\Mindanao\Faglung_audios\Faglung_audios\ILGN_BLN_Faglung_N6_P1_S5.mp3,.mp3,44100,4.858775510204081,Faglung
input\default\PAMANA_Dataset\Mindanao\Faglung_audios\Faglung_audios\ILGN_BLN_Faglung_N6_P1_S6.mp3,.mp3,44100,4.911020408163266,Faglung
input\default\PAMANA_Dataset\Mindanao\Faglung_audios\Faglung_audios\ILGN_BLN_Faglung_N6_P1_S7.mp3,.mp3,44100,5.276734693877551,Faglung
input\default\PAMANA_Dataset\Mindanao\Faglung_audios\Faglung_audios\ILGN_BLN_Faglung_N6_P1_S8.mp3,.mp3,44100,4.83265306122449,Faglung
input\default\PAMANA_Dataset\Mindanao\Faglung_audios\Faglung_audios\ILGN_BLN_Faglung_N7_P1_S1.mp3,.mp3,44100,0.2873469387755102,Faglung
input\default\PAMANA_Dataset\Mindanao\Faglung_audios\Faglung_audios\ILGN_BLN_Faglung_N7_P1_S2.mp3,.mp3,44100,0.2873469387755102,Faglung
input\default\PAMANA_Dataset\Mindanao\Faglung_audios\Faglung_audios\ILGN_BLN_Faglung_N8_P1_S1.mp3,.mp3,44100,5.381224489795918,Faglung
input\default\PAMANA_Dataset\Mindanao\Faglung_audios\Faglung_audios\ILGN_BLN_Faglung_N8_P1_S2.mp3,.mp3,44100,5.381224489795918,Faglung
input\default\PAMANA_Dataset\Mindanao\Faglung_audios\Faglung_audios\ILGN_BLN_Faglung_N8_P1_S3.mp3,.mp3,44100,5.381224489795918,Faglung
input\default\PAMANA_Dataset\Mindanao\Faglung_audios\Faglung_audios\ILGN_BLN_Faglung_N8_P1_S4.mp3,.mp3,44100,6.112653061224489,Faglung
input\default\PAMANA_Dataset\Mindanao\Faglung_audios\Faglung_audios\ILGN_BLN_Faglung_N8_P1_S5.mp3,.mp3,44100,5.564081632653061,Faglung
input\default\PAMANA_Dataset\Mindanao\Faglung_audios\Faglung_audios\ILGN_BLN_Faglung_N8_P1_S6.mp3,.mp3,44100,5.093877551020408,Faglung
input\default\PAMANA_Dataset\Mindanao\Faglung_audios\Faglung_audios\ILGN_BLN_Faglung_N8_P1_S7.mp3,.mp3,44100,5.0416326530612245,Faglung
input\default\PAMANA_Dataset\Mindanao\Faglung_audios\Faglung_audios\ILGN_BLN_Faglung_N8_P1_S8.mp3,.mp3,44100,4.963265306122449,Faglung
input\default\PAMANA_Dataset\Mindanao\Faglung_audios\Faglung_audios\ILGN_BLN_Faglung_PIECE1_Klalet.mp3,.mp3,44100,175.30775510204083,Faglung
input\default\PAMANA_Dataset\Mindanao\Faglung_audios\Faglung_audios\ILGN_BLN_Faglung_PIECE2_Tinggalung.mp3,.mp3,44100,163.08244897959185,Faglung
input\default\PAMANA_Dataset\Mindanao\Agung (Subanen)_audios\Agung (Subanen)_audios\ILGN_SBN_Agung_N0_P1_S1.mp3,.mp3,44100,3.813877551020408,Agung (Subanen)
input\default\PAMANA_Dataset\Mindanao\Agung (Subanen)_audios\Agung (Subanen)_audios\ILGN_SBN_Agung_N0_P1_S2.mp3,.mp3,44100,3.866122448979592,Agung (Subanen)
input\default\PAMANA_Dataset\Mindanao\Agung (Subanen)_audios\Agung (Subanen)_audios\ILGN_SBN_Agung_N0_P1_S3.mp3,.mp3,44100,3.4481632653061225,Agung (Subanen)
input\default\PAMANA_Dataset\Mindanao\Agung (Subanen)_audios\Agung (Subanen)_audios\ILGN_SBN_Agung_N0_P1_S4.mp3,.mp3,44100,3.213061224489796,Agung (Subanen)
input\default\PAMANA_Dataset\Mindanao\Agung (Subanen)_audios\Agung (Subanen)_audios\ILGN_SBN_Agung_N0_P1_S5.mp3,.mp3,44100,3.500408163265306,Agung (Subanen)
input\default\PAMANA_Dataset\Mindanao\Agung (Subanen)_audios\Agung (Subanen)_audios\ILGN_SBN_Agung_N0_P1_S6.mp3,.mp3,44100,3.4481632653061225,Agung (Subanen)
input\default\PAMANA_Dataset\Mindanao\Agung (Subanen)_audios\Agung (Subanen)_audios\ILGN_SBN_Agung_N0_P2_S1.mp3,.mp3,44100,4.806530612244898,Agung (Subanen)
input\default\PAMANA_Dataset\Mindanao\Agung (Subanen)_audios\Agung (Subanen)_audios\ILGN_SBN_Agung_N0_P2_S2.mp3,.mp3,44100,5.0416326530612245,Agung (Subanen)
input\default\PAMANA_Dataset\Mindanao\Agung (Subanen)_audios\Agung (Subanen)_audios\ILGN_SBN_Agung_N0_P2_S3.mp3,.mp3,44100,5.355102040816327,Agung (Subanen)
input\default\PAMANA_Dataset\Mindanao\Agung (Subanen)_audios\Agung (Subanen)_audios\ILGN_SBN_Agung_N0_P2_S4.mp3,.mp3,44100,5.825306122448979,Agung (Subanen)
input\default\PAMANA_Dataset\Mindanao\Agung (Subanen)_audios\Agung (Subanen)_audios\ILGN_SBN_Agung_N0_P2_S5.mp3,.mp3,44100,5.825306122448979,Agung (Subanen)
input\default\PAMANA_Dataset\Mindanao\Agung (Subanen)_audios\Agung (Subanen)_audios\ILGN_SBN_Agung_N0_P2_S6.mp3,.mp3,44100,5.98204081632653,Agung (Subanen)
input\default\PAMANA_Dataset\Mindanao\Agung (Subanen)_audios\Agung (Subanen)_audios\ILGN_SBN_Agung_N0_P3_S1.mp3,.mp3,44100,1.697959183673469,Agung (Subanen)
input\default\PAMANA_Dataset\Mindanao\Agung (Subanen)_audios\Agung (Subanen)_audios\ILGN_SBN_Agung_N0_P3_S2.mp3,.mp3,44100,1.697959183673469,Agung (Subanen)
input\default\PAMANA_Dataset\Mindanao\Agung (Subanen)_audios\Agung (Subanen)_audios\ILGN_SBN_Agung_N0_P3_S3.mp3,.mp3,44100,1.8024489795918368,Agung (Subanen)
input\default\PAMANA_Dataset\Mindanao\Agung (Subanen)_audios\Agung (Subanen)_audios\ILGN_SBN_Agung_N0_P3_S4.mp3,.mp3,44100,1.619591836734694,Agung (Subanen)
input\default\PAMANA_Dataset\Mindanao\Agung (Subanen)_audios\Agung (Subanen)_audios\ILGN_SBN_Agung_N0_P3_S5.mp3,.mp3,44100,1.697959183673469,Agung (Subanen)
input\default\PAMANA_Dataset\Mindanao\Agung (Subanen)_audios\Agung (Subanen)_audios\ILGN_SBN_Agung_N0_P3_S6.mp3,.mp3,44100,1.750204081632653,Agung (Subanen)
input\default\PAMANA_Dataset\Mindanao\Agung (Subanen)_audios\Agung (Subanen)_audios\ILGN_SBN_Agung_N0_P3_S7.mp3,.mp3,44100,1.933061224489796,Agung (Subanen)
input\default\PAMANA_Dataset\Mindanao\Agung (Subanen)_audios\Agung (Subanen)_audios\ILGN_SBN_Agung_N0_P3_S8.mp3,.mp3,44100,1.7240816326530612,Agung (Subanen)
input\default\PAMANA_Dataset\Mindanao\Agung (Subanen)_audios\Agung (Subanen)_audios\ILGN_SBN_Agung_N0_P3_S9.mp3,.mp3,44100,1.933061224489796,Agung (Subanen)
input\default\PAMANA_Dataset\Mindanao\Agung (Subanen)_audios\Agung (Subanen)_audios\ILGN_SBN_Agung_PIECE1_Shuten.mp3,.mp3,44100,83.61795918367346,Agung (Subanen)
input\default\PAMANA_Dataset\Mindanao\Agung (Subanen)_audios\Agung (Subanen)_audios\ILGN_SBN_Agung_PIECE2_Dumending.mp3,.mp3,44100,41.63918367346939,Agung (Subanen)
input\default\PAMANA_Dataset\Mindanao\Agung (Subanen)_audios\Agung (Subanen)_audios\ILGN_SBN_Agung_PIECE3_CourtshipDance.mp3,.mp3,44100,94.3804081632653,Agung (Subanen)
input\default\PAMANA_Dataset\Mindanao\Agung (Mansaka)_audios\Agung (Mansaka)_audios\ILGN_MNSK_Agung_ENSEMBLE1.mp3,.mp3,44100,42.31836734693878,Agung (Mansaka)
input\default\PAMANA_Dataset\Mindanao\Agung (Mansaka)_audios\Agung (Mansaka)_audios\ILGN_MNSK_Agung_N0_P1_S1.mp3,.mp3,44100,2.8212244897959184,Agung (Mansaka)
input\default\PAMANA_Dataset\Mindanao\Agung (Mansaka)_audios\Agung (Mansaka)_audios\ILGN_MNSK_Agung_N0_P1_S2.mp3,.mp3,44100,2.351020408163265,Agung (Mansaka)
input\default\PAMANA_Dataset\Mindanao\Agung (Mansaka)_audios\Agung (Mansaka)_audios\ILGN_MNSK_Agung_N0_P1_S3.mp3,.mp3,44100,2.220408163265306,Agung (Mansaka)
input\default\PAMANA_Dataset\Mindanao\Agung (Mansaka)_audios\Agung (Mansaka)_audios\ILGN_MNSK_Agung_N0_P1_S4.mp3,.mp3,44100,3.3436734693877552,Agung (Mansaka)
input\default\PAMANA_Dataset\Mindanao\Agung (Mansaka)_audios\Agung (Mansaka)_audios\ILGN_MNSK_Agung_N0_P1_S5.mp3,.mp3,44100,2.586122448979592,Agung (Mansaka)
input\default\PAMANA_Dataset\Mindanao\Agung (Mansaka)_audios\Agung (Mansaka)_audios\ILGN_MNSK_Agung_N0_P1_S6.mp3,.mp3,44100,2.7951020408163267,Agung (Mansaka)
input\default\PAMANA_Dataset\Mindanao\Agung (Mansaka)_audios\Agung (Mansaka)_audios\ILGN_MNSK_Agung_N0_P1_S7.mp3,.mp3,44100,3.683265306122449,Agung (Mansaka)
input\default\PAMANA_Dataset\Mindanao\Agung (Mansaka)_audios\Agung (Mansaka)_audios\ILGN_MNSK_Agung_N0_P2_S1.mp3,.mp3,44100,2.4293877551020406,Agung (Mansaka)
input\default\PAMANA_Dataset\Mindanao\Agung (Mansaka)_audios\Agung (Mansaka)_audios\ILGN_MNSK_Agung_N0_P2_S2.mp3,.mp3,44100,1.933061224489796,Agung (Mansaka)
input\default\PAMANA_Dataset\Mindanao\Agung (Mansaka)_audios\Agung (Mansaka)_audios\ILGN_MNSK_Agung_N0_P2_S3.mp3,.mp3,44100,2.115918367346939,Agung (Mansaka)
input\default\PAMANA_Dataset\Mindanao\Agung (Mansaka)_audios\Agung (Mansaka)_audios\ILGN_MNSK_Agung_N0_P2_S4.mp3,.mp3,44100,1.98530612244898,Agung (Mansaka)
input\default\PAMANA_Dataset\Mindanao\Agung (Mansaka)_audios\Agung (Mansaka)_audios\ILGN_MNSK_Agung_N0_P3_S2.mp3,.mp3,44100,3.26530612244898,Agung (Mansaka)
input\default\PAMANA_Dataset\Mindanao\Agung (Mansaka)_audios\Agung (Mansaka)_audios\ILGN_MNSK_Agung_N0_P3_S3.mp3,.mp3,44100,3.26530612244898,Agung (Mansaka)
input\default\PAMANA_Dataset\Mindanao\Agung (Mansaka)_audios\Agung (Mansaka)_audios\ILGN_MNSK_Agung_N0_P3_S4.mp3,.mp3,44100,3.186938775510204,Agung (Mansaka)
input\default\PAMANA_Dataset\Mindanao\Agung (Mansaka)_audios\Agung (Mansaka)_audios\ILGN_MNSK_Agung_PIECE1_PaspasOrHarvestSong.mp3,.mp3,44100,62.32816326530613,Agung (Mansaka)
input\default\PAMANA_Dataset\Mindanao\Agung (Mansaka)_audios\Agung (Mansaka)_audios\ILGN_MNSK_Agung_PIECE2_WarSong.mp3,.mp3,44100,61.1265306122449,Agung (Mansaka)
input\default\PAMANA_Dataset\Luzon\Tongale_audios\Tongale_audios\If_Tongale_496_P1_N1-F4_S1.mp3,.mp3,44100,5.250612244897959,Tongale
input\default\PAMANA_Dataset\Luzon\Tongale_audios\Tongale_audios\If_Tongale_496_P1_N10-D#5D#6_S1.mp3,.mp3,44100,3.239183673469388,Tongale
input\default\PAMANA_Dataset\Luzon\Tongale_audios\Tongale_audios\If_Tongale_496_P1_N2-G#4_S1.mp3,.mp3,44100,3.866122448979592,Tongale
input\default\PAMANA_Dataset\Luzon\Tongale_audios\Tongale_audios\If_Tongale_496_P1_N3-B4_S1.mp3,.mp3,44100,3.317551020408163,Tongale
input\default\PAMANA_Dataset\Luzon\Tongale_audios\Tongale_audios\If_Tongale_496_P1_N4-C5_S1.mp3,.mp3,44100,4.022857142857143,Tongale
input\default\PAMANA_Dataset\Luzon\Tongale_audios\Tongale_audios\If_Tongale_496_P1_N5-D#5_S1.mp3,.mp3,44100,3.526530612244898,Tongale
input\default\PAMANA_Dataset\Luzon\Tongale_audios\Tongale_audios\If_Tongale_496_P1_N6-G5_S1.mp3,.mp3,44100,2.690612244897959,Tongale
input\default\PAMANA_Dataset\Luzon\Tongale_audios\Tongale_audios\If_Tongale_496_P1_N7-A4A5_S1.mp3,.mp3,44100,3.1085714285714285,Tongale
input\default\PAMANA_Dataset\Luzon\Tongale_audios\Tongale_audios\If_Tongale_496_P1_N8-B4B5_S1.mp3,.mp3,44100,2.3248979591836734,Tongale
input\default\PAMANA_Dataset\Luzon\Tongale_audios\Tongale_audios\If_Tongale_496_P1_N9-C#5C#6_S1.mp3,.mp3,44100,2.2987755102040817,Tongale
input\default\PAMANA_Dataset\Luzon\Tambuli_audios\Tambuli_audios\nan_Tambuli_396_P1_N0-G4_S1.mp3,.mp3,44100,2.899591836734694,Tambuli
input\default\PAMANA_Dataset\Luzon\Tambuli_audios\Tambuli_audios\nan_Tambuli_396_P1_N0-G4_S2.mp3,.mp3,44100,2.7951020408163267,Tambuli
input\default\PAMANA_Dataset\Luzon\Patang-ug_audios\Patang-ug_audios\Klng_Patang-ug_800_P1_N1 _S3.mp3,.mp3,44100,0.7836734693877551,Patang-ug
input\default\PAMANA_Dataset\Luzon\Patang-ug_audios\Patang-ug_audios\Klng_Patang-ug_800_P1_N1_S1.mp3,.mp3,44100,0.809795918367347,Patang-ug
input\default\PAMANA_Dataset\Luzon\Patang-ug_audios\Patang-ug_audios\Klng_Patang-ug_800_P1_N1_S2.mp3,.mp3,44100,0.8359183673469388,Patang-ug
input\default\PAMANA_Dataset\Luzon\Patang-ug_audios\Patang-ug_audios\Klng_Patang-ug_800_P1_N1_S4.mp3,.mp3,44100,1.0710204081632653,Patang-ug
input\default\PAMANA_Dataset\Luzon\Patang-ug_audios\Patang-ug_audios\Klng_Patang-ug_800_P1_N2_S1.mp3,.mp3,44100,0.8359183673469388,Patang-ug
input\default\PAMANA_Dataset\Luzon\Patang-ug_audios\Patang-ug_audios\Klng_Patang-ug_800_P1_N2_S2.mp3,.mp3,44100,0.966530612244898,Patang-ug
input\default\PAMANA_Dataset\Luzon\Patang-ug_audios\Patang-ug_audios\Klng_Patang-ug_800_P1_N2_S3.mp3,.mp3,44100,0.7836734693877551,Patang-ug
input\default\PAMANA_Dataset\Luzon\Labil_audios\Labil_audios\BS_APLorIGRT_Labil_N1_P1_S1.mp3,.mp3,44100,1.7763265306122449,Labil
input\default\PAMANA_Dataset\Luzon\Labil_audios\Labil_audios\BS_APLorIGRT_Labil_N1_P1_S2.mp3,.mp3,44100,2.220408163265306,Labil
input\default\PAMANA_Dataset\Luzon\Labil_audios\Labil_audios\BS_APLorIGRT_Labil_N1_P1_S3.mp3,.mp3,44100,1.750204081632653,Labil
input\default\PAMANA_Dataset\Luzon\Labil_audios\Labil_audios\BS_APLorIGRT_Labil_N1_P1_S4.mp3,.mp3,44100,1.6718367346938776,Labil
input\default\PAMANA_Dataset\Luzon\Labil_audios\Labil_audios\BS_APLorIGRT_Labil_N1_P2_S1.mp3,.mp3,44100,1.253877551020408,Labil
input\default\PAMANA_Dataset\Luzon\Labil_audios\Labil_audios\BS_APLorIGRT_Labil_N1_P2_S2.mp3,.mp3,44100,1.5151020408163265,Labil
input\default\PAMANA_Dataset\Luzon\Labil_audios\Labil_audios\BS_APLorIGRT_Labil_N1_P2_S3.mp3,.mp3,44100,1.56734693877551,Labil
input\default\PAMANA_Dataset\Luzon\Labil_audios\Labil_audios\BS_APLorIGRT_Labil_N1_P2_S4.mp3,.mp3,44100,1.8024489795918368,Labil
input\default\PAMANA_Dataset\Luzon\Labil_audios\Labil_audios\BS_APLorIGRT_Labil_N1_P2_S5.mp3,.mp3,44100,1.7763265306122449,Labil
input\default\PAMANA_Dataset\Luzon\Labil_audios\Labil_audios\BS_APLorIGRT_Labil_N1_P2_S6.mp3,.mp3,44100,1.593469387755102,Labil
input\default\PAMANA_Dataset\Luzon\Labil_audios\Labil_audios\BS_APLorIGRT_Labil_N2_P1_S1.mp3,.mp3,44100,1.5412244897959184,Labil
input\default\PAMANA_Dataset\Luzon\Labil_audios\Labil_audios\BS_APLorIGRT_Labil_N2_P1_S2.mp3,.mp3,44100,1.750204081632653,Labil
input\default\PAMANA_Dataset\Luzon\Labil_audios\Labil_audios\BS_APLorIGRT_Labil_N2_P1_S3.mp3,.mp3,44100,1.8546938775510204,Labil
input\default\PAMANA_Dataset\Luzon\Labil_audios\Labil_audios\BS_APLorIGRT_Labil_N2_P1_S4.mp3,.mp3,44100,1.7240816326530612,Labil
input\default\PAMANA_Dataset\Luzon\Labil_audios\Labil_audios\BS_APLorIGRT_Labil_N2_P1_S5.mp3,.mp3,44100,2.011428571428572,Labil
input\default\PAMANA_Dataset\Luzon\Labil_audios\Labil_audios\BS_APLorIGRT_Labil_N2_P2_S1.mp3,.mp3,44100,1.4628571428571429,Labil
input\default\PAMANA_Dataset\Luzon\Labil_audios\Labil_audios\BS_APLorIGRT_Labil_N2_P2_S2.mp3,.mp3,44100,1.3583673469387756,Labil
input\default\PAMANA_Dataset\Luzon\Labil_audios\Labil_audios\BS_APLorIGRT_Labil_N2_P2_S3.mp3,.mp3,44100,1.4628571428571429,Labil
input\default\PAMANA_Dataset\Luzon\Labil_audios\Labil_audios\BS_APLorIGRT_Labil_N2_P2_S4.mp3,.mp3,44100,1.3061224489795915,Labil
input\default\PAMANA_Dataset\Luzon\Labil_audios\Labil_audios\BS_APLorIGRT_Labil_N2_P2_S5.mp3,.mp3,44100,1.7763265306122449,Labil
input\default\PAMANA_Dataset\Luzon\Labil_audios\Labil_audios\BS_APLorIGRT_Labil_N3_P1_S1.mp3,.mp3,44100,1.28,Labil
input\default\PAMANA_Dataset\Luzon\Labil_audios\Labil_audios\BS_APLorIGRT_Labil_N3_P1_S2.mp3,.mp3,44100,1.28,Labil
input\default\PAMANA_Dataset\Luzon\Labil_audios\Labil_audios\BS_APLorIGRT_Labil_N3_P1_S3.mp3,.mp3,44100,1.4628571428571429,Labil
input\default\PAMANA_Dataset\Luzon\Labil_audios\Labil_audios\BS_APLorIGRT_Labil_N3_P1_S4.mp3,.mp3,44100,1.7763265306122449,Labil
input\default\PAMANA_Dataset\Luzon\Labil_audios\Labil_audios\BS_APLorIGRT_Labil_N3_P2_S1.mp3,.mp3,44100,1.28,Labil
input\default\PAMANA_Dataset\Luzon\Labil_audios\Labil_audios\BS_APLorIGRT_Labil_N3_P2_S2.mp3,.mp3,44100,1.5412244897959184,Labil
input\default\PAMANA_Dataset\Luzon\Labil_audios\Labil_audios\BS_APLorIGRT_Labil_N3_P2_S3.mp3,.mp3,44100,1.1755102040816328,Labil
input\default\PAMANA_Dataset\Luzon\Labil_audios\Labil_audios\BS_APLorIGRT_Labil_N3_P2_S4.mp3,.mp3,44100,1.3583673469387756,Labil
input\default\PAMANA_Dataset\Luzon\Labil_audios\Labil_audios\BS_APLorIGRT_Labil_N4_P2_S1.mp3,.mp3,44100,1.4106122448979592,Labil
input\default\PAMANA_Dataset\Luzon\Labil_audios\Labil_audios\BS_APLorIGRT_Labil_N4_P2_S2.mp3,.mp3,44100,1.2277551020408164,Labil
input\default\PAMANA_Dataset\Luzon\Labil_audios\Labil_audios\BS_APLorIGRT_Labil_N4_P2_S3.mp3,.mp3,44100,1.3583673469387756,Labil
input\default\PAMANA_Dataset\Luzon\Labil_audios\Labil_audios\BS_APLorIGRT_Labil_N4_P2_S4.mp3,.mp3,44100,1.3061224489795915,Labil
input\default\PAMANA_Dataset\Luzon\Labil_audios\Labil_audios\BS_APLorIGRT_Labil_N4_P2_S5.mp3,.mp3,44100,1.0448979591836736,Labil
input\default\PAMANA_Dataset\Luzon\Labil_audios\Labil_audios\BS_APLorIGRT_Labil_N5_P2_S1.mp3,.mp3,44100,1.3322448979591837,Labil
input\default\PAMANA_Dataset\Luzon\Labil_audios\Labil_audios\BS_APLorIGRT_Labil_N5_P2_S2.mp3,.mp3,44100,1.2277551020408164,Labil
input\default\PAMANA_Dataset\Luzon\Labil_audios\Labil_audios\BS_APLorIGRT_Labil_N5_P2_S3.mp3,.mp3,44100,1.3583673469387756,Labil
input\default\PAMANA_Dataset\Luzon\Labil_audios\Labil_audios\BS_APLorIGRT_Labil_N5_P2_S4.mp3,.mp3,44100,1.619591836734694,Labil
input\default\PAMANA_Dataset\Luzon\Labil_audios\Labil_audios\BS_APLorIGRT_Labil_SAMPLEPIECE01.mp3,.mp3,44100,84.92408163265306,Labil
input\default\PAMANA_Dataset\Luzon\Labil_audios\Labil_audios\BS_APLorIGRT_Labil_SAMPLEPIECE02.mp3,.mp3,44100,250.5142857142857,Labil
input\default\PAMANA_Dataset\Luzon\Kalaleng (Bontoc Fieldwork)_audios\Kalaleng (Bontoc Fieldwork)_audios\BK_BNTK_Kalaleng_N1_S1.mp3,.mp3,44100,3.291428571428572,Kalaleng (Bontoc Fieldwork)
input\default\PAMANA_Dataset\Luzon\Kalaleng (Bontoc Fieldwork)_audios\Kalaleng (Bontoc Fieldwork)_audios\BK_BNTK_Kalaleng_N1_S2.mp3,.mp3,44100,3.186938775510204,Kalaleng (Bontoc Fieldwork)
input\default\PAMANA_Dataset\Luzon\Kalaleng (Bontoc Fieldwork)_audios\Kalaleng (Bontoc Fieldwork)_audios\BK_BNTK_Kalaleng_N1_S3.mp3,.mp3,44100,2.7951020408163267,Kalaleng (Bontoc Fieldwork)
input\default\PAMANA_Dataset\Luzon\Kalaleng (Bontoc Fieldwork)_audios\Kalaleng (Bontoc Fieldwork)_audios\BK_BNTK_Kalaleng_N1_S4.mp3,.mp3,44100,3.709387755102041,Kalaleng (Bontoc Fieldwork)
input\default\PAMANA_Dataset\Luzon\Kalaleng (Bontoc Fieldwork)_audios\Kalaleng (Bontoc Fieldwork)_audios\BK_BNTK_Kalaleng_N1_S5.mp3,.mp3,44100,3.657142857142857,Kalaleng (Bontoc Fieldwork)
input\default\PAMANA_Dataset\Luzon\Kalaleng (Bontoc Fieldwork)_audios\Kalaleng (Bontoc Fieldwork)_audios\BK_BNTK_Kalaleng_N2_S1.mp3,.mp3,44100,2.84734693877551,Kalaleng (Bontoc Fieldwork)
input\default\PAMANA_Dataset\Luzon\Kalaleng (Bontoc Fieldwork)_audios\Kalaleng (Bontoc Fieldwork)_audios\BK_BNTK_Kalaleng_N2_S2.mp3,.mp3,44100,1.98530612244898,Kalaleng (Bontoc Fieldwork)
input\default\PAMANA_Dataset\Luzon\Kalaleng (Bontoc Fieldwork)_audios\Kalaleng (Bontoc Fieldwork)_audios\BK_BNTK_Kalaleng_N2_S3.mp3,.mp3,44100,2.246530612244898,Kalaleng (Bontoc Fieldwork)
input\default\PAMANA_Dataset\Luzon\Kalaleng (Bontoc Fieldwork)_audios\Kalaleng (Bontoc Fieldwork)_audios\BK_BNTK_Kalaleng_N3_S1.mp3,.mp3,44100,2.716734693877551,Kalaleng (Bontoc Fieldwork)
input\default\PAMANA_Dataset\Luzon\Kalaleng (Bontoc Fieldwork)_audios\Kalaleng (Bontoc Fieldwork)_audios\BK_BNTK_Kalaleng_N3_S2.mp3,.mp3,44100,2.246530612244898,Kalaleng (Bontoc Fieldwork)
input\default\PAMANA_Dataset\Luzon\Kalaleng (Bontoc Fieldwork)_audios\Kalaleng (Bontoc Fieldwork)_audios\BK_BNTK_Kalaleng_N3_S3.mp3,.mp3,44100,3.030204081632653,Kalaleng (Bontoc Fieldwork)
input\default\PAMANA_Dataset\Luzon\Kalaleng (Bontoc Fieldwork)_audios\Kalaleng (Bontoc Fieldwork)_audios\BK_BNTK_Kalaleng_N3_S4.mp3,.mp3,44100,2.690612244897959,Kalaleng (Bontoc Fieldwork)
input\default\PAMANA_Dataset\Luzon\Kalaleng (Bontoc Fieldwork)_audios\Kalaleng (Bontoc Fieldwork)_audios\BK_BNTK_Kalaleng_N3_S5.mp3,.mp3,44100,2.586122448979592,Kalaleng (Bontoc Fieldwork)
input\default\PAMANA_Dataset\Luzon\Kalaleng (Bontoc Fieldwork)_audios\Kalaleng (Bontoc Fieldwork)_audios\BK_BNTK_Kalaleng_N4_S1.mp3,.mp3,44100,2.7951020408163267,Kalaleng (Bontoc Fieldwork)
input\default\PAMANA_Dataset\Luzon\Kalaleng (Bontoc Fieldwork)_audios\Kalaleng (Bontoc Fieldwork)_audios\BK_BNTK_Kalaleng_N5_S1.mp3,.mp3,44100,3.291428571428572,Kalaleng (Bontoc Fieldwork)
input\default\PAMANA_Dataset\Luzon\Kalaleng (Bontoc Fieldwork)_audios\Kalaleng (Bontoc Fieldwork)_audios\BK_BNTK_Kalaleng_N6_S1.mp3,.mp3,44100,3.526530612244898,Kalaleng (Bontoc Fieldwork)
input\default\PAMANA_Dataset\Luzon\Kalaleng (Bontoc Fieldwork)_audios\Kalaleng (Bontoc Fieldwork)_audios\BK_BNTK_Kalaleng_N7_S1.mp3,.mp3,44100,4.2057142857142855,Kalaleng (Bontoc Fieldwork)
input\default\PAMANA_Dataset\Luzon\Kalaleng (Bontoc Fieldwork)_audios\Kalaleng (Bontoc Fieldwork)_audios\BK_BNTK_Kalaleng_N8_S1.mp3,.mp3,44100,4.310204081632653,Kalaleng (Bontoc Fieldwork)
input\default\PAMANA_Dataset\Luzon\Kalaleng (Bontoc Fieldwork)_audios\Kalaleng (Bontoc Fieldwork)_audios\BK_BNTK_Kalaleng_samplepiece.mp3,.mp3,44100,171.1804081632653,Kalaleng (Bontoc Fieldwork)
input\default\PAMANA_Dataset\Luzon\Kalaleng (Besao Fieldwork)_audios\Kalaleng (Besao Fieldwork)_audios\BS_APLorIGRT_Kalaleng_N1_S1.mp3,.mp3,44100,1.3583673469387756,Kalaleng (Besao Fieldwork)
input\default\PAMANA_Dataset\Luzon\Kalaleng (Besao Fieldwork)_audios\Kalaleng (Besao Fieldwork)_audios\BS_APLorIGRT_Kalaleng_N1_S2.mp3,.mp3,44100,1.7763265306122449,Kalaleng (Besao Fieldwork)
input\default\PAMANA_Dataset\Luzon\Kalaleng (Besao Fieldwork)_audios\Kalaleng (Besao Fieldwork)_audios\BS_APLorIGRT_Kalaleng_N1_S3.mp3,.mp3,44100,1.56734693877551,Kalaleng (Besao Fieldwork)
input\default\PAMANA_Dataset\Luzon\Kalaleng (Besao Fieldwork)_audios\Kalaleng (Besao Fieldwork)_audios\BS_APLorIGRT_Kalaleng_N1_S4.mp3,.mp3,44100,1.4889795918367348,Kalaleng (Besao Fieldwork)
input\default\PAMANA_Dataset\Luzon\Kalaleng (Besao Fieldwork)_audios\Kalaleng (Besao Fieldwork)_audios\BS_APLorIGRT_Kalaleng_N1_S5.mp3,.mp3,44100,1.3844897959183673,Kalaleng (Besao Fieldwork)
input\default\PAMANA_Dataset\Luzon\Kalaleng (Besao Fieldwork)_audios\Kalaleng (Besao Fieldwork)_audios\BS_APLorIGRT_Kalaleng_N2_S1.mp3,.mp3,44100,1.3061224489795915,Kalaleng (Besao Fieldwork)
input\default\PAMANA_Dataset\Luzon\Kalaleng (Besao Fieldwork)_audios\Kalaleng (Besao Fieldwork)_audios\BS_APLorIGRT_Kalaleng_N2_S2.mp3,.mp3,44100,1.4628571428571429,Kalaleng (Besao Fieldwork)
input\default\PAMANA_Dataset\Luzon\Kalaleng (Besao Fieldwork)_audios\Kalaleng (Besao Fieldwork)_audios\BS_APLorIGRT_Kalaleng_N2_S3.mp3,.mp3,44100,1.3061224489795915,Kalaleng (Besao Fieldwork)
input\default\PAMANA_Dataset\Luzon\Kalaleng (Besao Fieldwork)_audios\Kalaleng (Besao Fieldwork)_audios\BS_APLorIGRT_Kalaleng_N2_S4.mp3,.mp3,44100,1.2277551020408164,Kalaleng (Besao Fieldwork)
input\default\PAMANA_Dataset\Luzon\Kalaleng (Besao Fieldwork)_audios\Kalaleng (Besao Fieldwork)_audios\BS_APLorIGRT_Kalaleng_N2_S5.mp3,.mp3,44100,1.28,Kalaleng (Besao Fieldwork)
input\default\PAMANA_Dataset\Luzon\Kalaleng (Besao Fieldwork)_audios\Kalaleng (Besao Fieldwork)_audios\BS_APLorIGRT_Kalaleng_N2_S6.mp3,.mp3,44100,1.3322448979591837,Kalaleng (Besao Fieldwork)
input\default\PAMANA_Dataset\Luzon\Kalaleng (Besao Fieldwork)_audios\Kalaleng (Besao Fieldwork)_audios\BS_APLorIGRT_Kalaleng_N3_S1.mp3,.mp3,44100,1.4628571428571429,Kalaleng (Besao Fieldwork)
input\default\PAMANA_Dataset\Luzon\Kalaleng (Besao Fieldwork)_audios\Kalaleng (Besao Fieldwork)_audios\BS_APLorIGRT_Kalaleng_N3_S2.mp3,.mp3,44100,1.4628571428571429,Kalaleng (Besao Fieldwork)
input\default\PAMANA_Dataset\Luzon\Kalaleng (Besao Fieldwork)_audios\Kalaleng (Besao Fieldwork)_audios\BS_APLorIGRT_Kalaleng_N3_S3.mp3,.mp3,44100,1.6457142857142857,Kalaleng (Besao Fieldwork)
input\default\PAMANA_Dataset\Luzon\Kalaleng (Besao Fieldwork)_audios\Kalaleng (Besao Fieldwork)_audios\BS_APLorIGRT_Kalaleng_N3_S4.mp3,.mp3,44100,1.2016326530612245,Kalaleng (Besao Fieldwork)
input\default\PAMANA_Dataset\Luzon\Kalaleng (Besao Fieldwork)_audios\Kalaleng (Besao Fieldwork)_audios\BS_APLorIGRT_Kalaleng_N4_S1.mp3,.mp3,44100,1.750204081632653,Kalaleng (Besao Fieldwork)
input\default\PAMANA_Dataset\Luzon\Kalaleng (Besao Fieldwork)_audios\Kalaleng (Besao Fieldwork)_audios\BS_APLorIGRT_Kalaleng_N4_S2.mp3,.mp3,44100,1.436734693877551,Kalaleng (Besao Fieldwork)
input\default\PAMANA_Dataset\Luzon\Kalaleng (Besao Fieldwork)_audios\Kalaleng (Besao Fieldwork)_audios\BS_APLorIGRT_Kalaleng_N4_S3.mp3,.mp3,44100,1.436734693877551,Kalaleng (Besao Fieldwork)
input\default\PAMANA_Dataset\Luzon\Kalaleng (Besao Fieldwork)_audios\Kalaleng (Besao Fieldwork)_audios\BS_APLorIGRT_Kalaleng_N4_S4.mp3,.mp3,44100,1.3844897959183673,Kalaleng (Besao Fieldwork)
input\default\PAMANA_Dataset\Luzon\Kalaleng (Besao Fieldwork)_audios\Kalaleng (Besao Fieldwork)_audios\BS_APLorIGRT_Kalaleng_N4_S5.mp3,.mp3,44100,1.3583673469387756,Kalaleng (Besao Fieldwork)
input\default\PAMANA_Dataset\Luzon\Kalaleng (Besao Fieldwork)_audios\Kalaleng (Besao Fieldwork)_audios\BS_APLorIGRT_Kalaleng_N4_S6.mp3,.mp3,44100,1.3061224489795915,Kalaleng (Besao Fieldwork)
input\default\PAMANA_Dataset\Luzon\Kalaleng (Besao Fieldwork)_audios\Kalaleng (Besao Fieldwork)_audios\BS_APLorIGRT_Kalaleng_SAMPLEPIECE01.mp3,.mp3,44100,51.121632653061226,Kalaleng (Besao Fieldwork)
input\default\PAMANA_Dataset\Luzon\Kalaleng (Besao Fieldwork)_audios\Kalaleng (Besao Fieldwork)_audios\BS_APLorIGRT_Kalaleng_SAMPLEPIECE02.mp3,.mp3,44100,29.41387755102041,Kalaleng (Besao Fieldwork)
input\default\PAMANA_Dataset\Luzon\Kalaleng (Besao Fieldwork)_audios\Kalaleng (Besao Fieldwork)_audios\BS_APLorIGRT_Kalaleng_SAMPLEPIECE03.mp3,.mp3,44100,30.223673469387755,Kalaleng (Besao Fieldwork)
input\default\PAMANA_Dataset\Luzon\Gangsa (Besao Fieldwork)_audios\Gangsa (Besao Fieldwork)_audios\BS_APLorIGRT_Gangsa_SAMPLEPIECE1.mp3,.mp3,44100,100.33632653061224,Gangsa (Besao Fieldwork)
input\default\PAMANA_Dataset\Luzon\Gangsa (Besao Fieldwork)_audios\Gangsa (Besao Fieldwork)_audios\BS_APLorIGRT_Gangsa_SAMPLEPIECE2.mp3,.mp3,44100,64.6008163265306,Gangsa (Besao Fieldwork)
input\default\PAMANA_Dataset\Luzon\Bangsi_audios\Bangsi_audios\Al_Bangsi_105_P1_N1-B4_S1.mp3,.mp3,44100,1.8285714285714283,Bangsi
input\default\PAMANA_Dataset\Luzon\Bangsi_audios\Bangsi_audios\Al_Bangsi_105_P1_N2-C5_S1.mp3,.mp3,44100,1.8285714285714283,Bangsi
input\default\PAMANA_Dataset\Luzon\Bangsi_audios\Bangsi_audios\Al_Bangsi_105_P1_N2-C5_S2.mp3,.mp3,44100,1.959183673469388,Bangsi
input\default\PAMANA_Dataset\Luzon\Bangsi_audios\Bangsi_audios\Al_Bangsi_105_P1_N3-D5_S1.mp3,.mp3,44100,1.959183673469388,Bangsi
input\default\PAMANA_Dataset\Luzon\Bangsi_audios\Bangsi_audios\Al_Bangsi_105_P1_N3-D5_S2.mp3,.mp3,44100,1.8285714285714283,Bangsi
input\default\PAMANA_Dataset\Luzon\Bangsi_audios\Bangsi_audios\Al_Bangsi_105_P1_N4-F5_S1.mp3,.mp3,44100,1.697959183673469,Bangsi
input\default\PAMANA_Dataset\Luzon\Bangsi_audios\Bangsi_audios\Al_Bangsi_105_P1_N4-F5_S2.mp3,.mp3,44100,1.56734693877551,Bangsi
input\default\PAMANA_Dataset\Luzon\Bangsi_audios\Bangsi_audios\Al_Bangsi_105_P1_N5-G#5_S1.mp3,.mp3,44100,1.880816326530612,Bangsi
input\default\PAMANA_Dataset\Luzon\Bangsi_audios\Bangsi_audios\Al_Bangsi_105_P1_N5-G#5_S2.mp3,.mp3,44100,2.1681632653061222,Bangsi
input\default\PAMANA_Dataset\Luzon\Abistung_audios\Abistung_audios\BS_APLorIGRT_Abistung_N1_P1_S1.mp3,.mp3,44100,0.470204081632653,Abistung
input\default\PAMANA_Dataset\Luzon\Abistung_audios\Abistung_audios\BS_APLorIGRT_Abistung_N1_P1_S2.mp3,.mp3,44100,0.5224489795918368,Abistung
input\default\PAMANA_Dataset\Luzon\Abistung_audios\Abistung_audios\BS_APLorIGRT_Abistung_N1_P1_S3.mp3,.mp3,44100,0.470204081632653,Abistung
input\default\PAMANA_Dataset\Luzon\Abistung_audios\Abistung_audios\BS_APLorIGRT_Abistung_N1_P2_S1.mp3,.mp3,44100,0.4963265306122449,Abistung
input\default\PAMANA_Dataset\Luzon\Abistung_audios\Abistung_audios\BS_APLorIGRT_Abistung_N1_P2_S2.mp3,.mp3,44100,0.6530612244897959,Abistung
input\default\PAMANA_Dataset\Luzon\Abistung_audios\Abistung_audios\BS_APLorIGRT_Abistung_N1_P2_S3.mp3,.mp3,44100,0.5485714285714286,Abistung
input\default\PAMANA_Dataset\Luzon\Abistung_audios\Abistung_audios\BS_APLorIGRT_Abistung_N1_P3_S1.mp3,.mp3,44100,0.5224489795918368,Abistung
input\default\PAMANA_Dataset\Luzon\Abistung_audios\Abistung_audios\BS_APLorIGRT_Abistung_N1_P3_S2.mp3,.mp3,44100,0.6530612244897959,Abistung
input\default\PAMANA_Dataset\Luzon\Abistung_audios\Abistung_audios\BS_APLorIGRT_Abistung_N1_P3_S3.mp3,.mp3,44100,0.6530612244897959,Abistung
input\default\PAMANA_Dataset\Luzon\Abistung_audios\Abistung_audios\BS_APLorIGRT_Abistung_N1_P4_S1.mp3,.mp3,44100,0.470204081632653,Abistung
input\default\PAMANA_Dataset\Luzon\Abistung_audios\Abistung_audios\BS_APLorIGRT_Abistung_N1_P4_S2.mp3,.mp3,44100,0.626938775510204,Abistung
input\default\PAMANA_Dataset\Luzon\Abistung_audios\Abistung_audios\BS_APLorIGRT_Abistung_N1_P4_S3.mp3,.mp3,44100,0.5485714285714286,Abistung
input\default\PAMANA_Dataset\Luzon\Abistung_audios\Abistung_audios\BS_APLorIGRT_Abistung_N1_P5_S1.mp3,.mp3,44100,0.5485714285714286,Abistung
input\default\PAMANA_Dataset\Luzon\Abistung_audios\Abistung_audios\BS_APLorIGRT_Abistung_N1_P5_S2.mp3,.mp3,44100,0.626938775510204,Abistung
input\default\PAMANA_Dataset\Luzon\Abistung_audios\Abistung_audios\BS_APLorIGRT_Abistung_N1_P5_S3.mp3,.mp3,44100,0.6008163265306122,Abistung
input\default\PAMANA_Dataset\Luzon\Abistung_audios\Abistung_audios\BS_APLorIGRT_Abistung_SAMPLEPIECE01.mp3,.mp3,44100,63.16408163265306,Abistung
input\default\PAMANA_Dataset\Luzon\Abistung_audios\Abistung_audios\BS_APLorIGRT_Abistung_SAMPLEPIECE02.mp3,.mp3,44100,53.99510204081633,Abistung
input\default\PAMANA_Dataset\Luzon\Ab-bew_audios\Ab-bew_audios\BK_BNTK_Abbew_ENSEMBLE.mp3,.mp3,44100,64.65306122448979,Ab-bew
input\default\PAMANA_Dataset\Luzon\Ab-bew_audios\Ab-bew_audios\BK_BNTK_Abbew_N1_S1.mp3,.mp3,44100,1.123265306122449,Ab-bew
input\default\PAMANA_Dataset\Luzon\Ab-bew_audios\Ab-bew_audios\BK_BNTK_Abbew_N1_S2.mp3,.mp3,44100,0.2873469387755102,Ab-bew
input\default\PAMANA_Dataset\Luzon\Ab-bew_audios\Ab-bew_audios\BK_BNTK_Abbew_N1_S3.mp3,.mp3,44100,0.2873469387755102,Ab-bew
input\default\PAMANA_Dataset\Luzon\Ab-bew_audios\Ab-bew_audios\BK_BNTK_Abbew_N1_S4.mp3,.mp3,44100,0.9142857142857144,Ab-bew
input\default\PAMANA_Dataset\Luzon\Ab-bew_audios\Ab-bew_audios\BK_BNTK_Abbew_N1_S5.mp3,.mp3,44100,0.313469387755102,Ab-bew
input\default\PAMANA_Dataset\Luzon\Ab-bew_audios\Ab-bew_audios\BK_BNTK_Abbew_N2_S1.mp3,.mp3,44100,0.313469387755102,Ab-bew
input\default\PAMANA_Dataset\Luzon\Ab-bew_audios\Ab-bew_audios\BK_BNTK_Abbew_N2_S2.mp3,.mp3,44100,0.2873469387755102,Ab-bew
input\default\PAMANA_Dataset\Luzon\Ab-bew_audios\Ab-bew_audios\BK_BNTK_Abbew_N2_S3.mp3,.mp3,44100,0.809795918367347,Ab-bew
input\default\PAMANA_Dataset\Luzon\Ab-bew_audios\Ab-bew_audios\BK_BNTK_Abbew_N2_S4.mp3,.mp3,44100,0.3918367346938775,Ab-bew
input\default\PAMANA_Dataset\Luzon\Ab-bew_audios\Ab-bew_audios\BK_BNTK_Abbew_N3_S1.mp3,.mp3,44100,0.8359183673469388,Ab-bew
input\default\PAMANA_Dataset\Luzon\Ab-bew_audios\Ab-bew_audios\BK_BNTK_Abbew_N3_S2.mp3,.mp3,44100,0.7053061224489796,Ab-bew
input\default\PAMANA_Dataset\Luzon\Ab-bew_audios\Ab-bew_audios\BK_BNTK_Abbew_N3_S3.mp3,.mp3,44100,0.5485714285714286,Ab-bew
input\default\PAMANA_Dataset\Luzon\Ab-bew_audios\Ab-bew_audios\BK_BNTK_Abbew_N3_S4.mp3,.mp3,44100,0.5224489795918368,Ab-bew
input\default\PAMANA_Dataset\Luzon\Ab-bew_audios\Ab-bew_audios\BK_BNTK_Abbew_N3_S5.mp3,.mp3,44100,0.5746938775510204,Ab-bew
input\default\PAMANA_Dataset\Luzon\Ab-bew_audios\Ab-bew_audios\BK_BNTK_Abbew_N4_S1.mp3,.mp3,44100,0.4440816326530612,Ab-bew
input\default\PAMANA_Dataset\Luzon\Ab-bew_audios\Ab-bew_audios\BK_BNTK_Abbew_N4_S2.mp3,.mp3,44100,0.470204081632653,Ab-bew
input\default\PAMANA_Dataset\Luzon\Ab-bew_audios\Ab-bew_audios\BK_BNTK_Abbew_N4_S3.mp3,.mp3,44100,0.7053061224489796,Ab-bew
input\default\PAMANA_Dataset\Luzon\Ab-bew_audios\Ab-bew_audios\BK_BNTK_Abbew_N4_S4.mp3,.mp3,44100,0.4179591836734694,Ab-bew
input\default\PAMANA_Dataset\Luzon\Ab-bew_audios\Ab-bew_audios\BK_BNTK_Abbew_N4_S5.mp3,.mp3,44100,0.7575510204081632,Ab-bew
